,Bunker_Oil,Dry_Bulk_Index,USD_INR,Commodity_Gold,BDI_MA7,BDI_MA30,Oil_Daily_Return
2021-01-31,52.20000076293945,10.34000015258789,72.93879699707031,1847.300048828125,10.251857212611608,10.163100083669027,0.0
2021-02-01,53.54999923706055,10.1899995803833,72.90660095214844,1860.800048828125,10.157571520124163,10.225433413187663,0.0
2021-02-02,54.7599983215332,9.229999542236328,73.11979675292969,1830.5,10.084714344569615,10.282766723632813,0.025862039356128852
2021-02-03,55.689998626708984,9.449999809265137,72.91629791259766,1832.199951171875,10.031857081821986,10.308100032806397,0.022595688173889794
2021-02-04,56.22999954223633,9.8100004196167,72.85800170898438,1788.9000244140625,9.949999945504326,10.340766684214275,0.01698320550915855
2021-02-05,56.849998474121094,10.239999771118164,72.9457015991211,1810.9000244140625,9.95714282989502,10.382433350880941,0.009696551065604853
2021-02-06,56.849998474121094,10.239999771118164,72.9457015991211,1810.9000244140625,9.94285706111363,10.439433352152507,0.011026123722783554
2021-02-07,56.849998474121094,10.239999771118164,72.9457015991211,1810.9000244140625,9.92857129233224,10.470100021362304,0.0
2021-02-08,57.970001220703125,9.789999961853027,72.78479766845703,1831.9000244140625,9.91428552355085,10.466766675313314,0.0
2021-02-09,58.36000061035156,10.100000381469727,72.92990112304688,1835.300048828125,9.857142720903669,10.448433335622152,0.019701016299795926
2021-02-10,58.68000030517578,10.75,72.85489654541016,1840.5999755859375,9.98142855507987,10.440433343251547,0.006727607062894991
2021-02-11,58.2400016784668,11.550000190734863,72.80729675292969,1824.9000244140625,10.167142868041992,10.405433336893717,0.005483202389950925
2021-02-12,59.470001220703125,12.430000305175781,72.70950317382812,1821.5999755859375,10.415714263916016,10.437433338165283,-0.007498272399807271
2021-02-13,59.470001220703125,12.430000305175781,72.70950317382812,1821.5999755859375,10.728571483067103,10.519766680399577,0.02111949702589211
2021-02-14,59.470001220703125,12.430000305175781,72.70950317382812,1821.5999755859375,11.041428702218193,10.585100015004477,0.0
2021-02-15,59.470001220703125,12.430000305175781,72.59480285644531,1821.5999755859375,11.35428592136928,10.631433359781902,0.0
2021-02-16,60.04999923706055,15.819999694824219,72.63870239257812,1797.199951171875,11.731428827558245,10.677766704559327,0.0
2021-02-17,61.13999938964844,16.65999984741211,72.93499755859375,1771.0999755859375,12.548571586608887,10.8371000289917,0.00975278299061988
2021-02-18,60.52000045776367,13.520000457763672,72.79730224609375,1773.4000244140625,13.392857279096331,11.024433358510334,0.018151543154644845
2021-02-19,59.2400016784668,14.5,72.60540008544922,1775.800048828125,13.674285888671875,11.118100039164226,-0.010140643409782824
2021-02-20,59.2400016784668,14.5,72.60540008544922,1775.800048828125,13.97000013078962,11.241433366139729,-0.021150012716708022
2021-02-21,59.2400016784668,14.5,72.60540008544922,1775.800048828125,14.265714372907366,11.347100035349529,0.0
2021-02-22,61.4900016784668,13.739999771118164,72.5530014038086,1806.699951171875,14.561428615025111,11.463766702016194,0.0
2021-02-23,61.66999816894531,13.34000015258789,72.44400024414062,1804.4000244140625,14.748571395874023,11.555100027720133,0.037981092779372005
2021-02-24,63.220001220703125,13.170000076293945,72.37699890136719,1796.4000244140625,14.394285746983119,11.633100032806396,0.0029272480983124627
2021-02-25,63.529998779296875,13.3100004196167,72.4000015258789,1774.4000244140625,13.895714351109095,11.715433375040691,0.025133826784161206
2021-02-26,61.5,12.710000038146973,73.1509017944336,1728.0999755859375,13.865714345659528,11.839100042978922,0.004903472834673517
2021-02-27,61.5,12.710000038146973,73.1509017944336,1728.0999755859375,13.61000006539481,11.928666718800862,-0.03195338923819424
2021-02-28,61.5,12.710000038146973,73.1509017944336,1728.0999755859375,13.354285785130092,12.027000045776367,0.0
2021-03-01,60.63999938964844,13.020000457763672,73.59590148925781,1722.5,13.098571504865374,12.10600004196167,0.0
2021-03-02,59.75,14.890000343322754,73.30940246582031,1733.0999755859375,12.995714460100446,12.19533338546753,-0.013983749761814046
2021-03-03,61.279998779296875,15.279999732971191,73.27749633789062,1715.300048828125,13.217143058776855,12.347000058492025,-0.014676771085198381
2021-03-04,63.83000183105469,15.260000228881836,72.88069915771484,1700.199951171875,13.51857158115932,12.516666730244955,0.02560667413049167
2021-03-05,66.08999633789062,16.25,73.13179779052734,1698.0,13.79714298248291,12.717666753133138,0.04161232216961652
2021-03-06,66.08999633789062,16.25,73.13179779052734,1698.0,14.302857262747628,12.944333426157634,0.035406461569869485
2021-03-07,66.08999633789062,16.25,73.13179779052734,1698.0,14.808571543012347,13.159000078837076,0.0
2021-03-08,65.05000305175781,16.5,73.1333999633789,1677.699951171875,15.314285823277064,13.359333419799805,0.0
2021-03-09,64.01000213623047,16.329999923706055,73.33000183105469,1716.5999755859375,15.811428615025111,13.568000094095867,-0.01573601670085989
2021-03-10,64.44000244140625,15.319999694824219,72.7759017944336,1721.5,16.017142840794154,13.771000099182128,-0.01598771509203245
2021-03-11,66.0199966430664,16.200000762939453,72.70600128173828,1722.300048828125,16.022857121058873,13.955333423614501,0.006717704902752919
2021-03-12,65.61000061035156,16.59000015258789,72.63899993896484,1719.5,16.157142911638534,14.158666769663492,0.024518841430783755
2021-03-13,65.61000061035156,16.59000015258789,72.63899993896484,1719.5,16.20571436200823,14.353333441416423,-0.006210179545016681
2021-03-14,65.61000061035156,16.59000015258789,72.63899993896484,1719.5,16.25428581237793,14.521333440144856,0.0
2021-03-15,65.38999938964844,17.950000762939453,72.68299865722656,1728.9000244140625,16.30285726274763,14.660000101725261,0.0
2021-03-16,64.80000305175781,18.0,72.51529693603516,1730.5999755859375,16.510000228881836,14.84400011698405,-0.0033531659603187602
2021-03-17,64.5999984741211,19.5,72.5156021118164,1726.800048828125,16.7485716683524,15.02966677347819,-0.009022730438869253
2021-03-18,60.0,20.329999923706055,72.29560089111328,1732.199951171875,17.345714569091797,15.265333429972332,-0.0030864902502700797
2021-03-19,61.41999816894531,19.56999969482422,72.6688003540039,1741.4000244140625,17.93571444920131,15.415666770935058,-0.07120740840208939
2021-03-20,61.41999816894531,19.56999969482422,72.6688003540039,1741.4000244140625,18.361428669520787,15.512666765848795,0.023666636149088482
2021-03-21,61.41999816894531,19.56999969482422,72.6688003540039,1741.4000244140625,18.78714288984026,15.714333407084148,0.0
2021-03-22,61.54999923706055,19.059999465942383,72.40499877929688,1737.800048828125,19.21285711015974,15.88333339691162,0.0
2021-03-23,57.7599983215332,16.700000762939453,72.38050079345703,1724.699951171875,19.37142835344587,16.0353333791097,0.002116591859179895
2021-03-24,61.18000030517578,17.239999771118164,72.61219787597656,1732.9000244140625,19.185714176722936,16.108666737874348,-0.061575970146321324
2021-03-25,58.560001373291016,19.299999237060547,72.64559936523438,1724.9000244140625,18.862857001168386,16.225333404541015,0.05921056237925115
2021-03-26,60.970001220703125,18.420000076293945,72.61280059814453,1732.199951171875,18.715714045933314,16.424000040690103,-0.042824434763252484
2021-03-27,60.970001220703125,18.420000076293945,72.61280059814453,1732.199951171875,18.551428386143275,16.599000040690104,0.041154368013920584
2021-03-28,60.970001220703125,18.420000076293945,72.61280059814453,1732.199951171875,18.387142726353236,16.769333362579346,0.0
2021-03-29,61.560001373291016,16.8700008392334,72.44719696044922,1712.0999755859375,18.222857066563197,16.959666697184243,0.0
2021-03-30,60.54999923706055,16.5,72.74189758300781,1683.9000244140625,17.910000119890487,17.098333390553794,0.009676892582832108
2021-03-31,59.15999984741211,16.920000076293945,73.44529724121094,1713.800048828125,17.881428582327707,17.22466672261556,-0.01640679197042183
2021-04-01,61.45000076293945,17.93000030517578,73.20349884033203,1726.5,17.83571434020996,17.354666709899902,-0.022956224726055297
2021-04-02,61.45000076293945,17.93000030517578,73.28730010986328,1726.5,17.640000207083567,17.45600004196167,0.0387086024583132
2021-04-03,61.45000076293945,17.93000030517578,73.28730010986328,1726.5,17.57000023978097,17.54433339436849,0.0
2021-04-04,61.45000076293945,17.93000030517578,73.28730010986328,1726.5,17.500000272478378,17.63333339691162,0.0
2021-04-05,58.650001525878906,18.209999084472656,73.3759994506836,1727.0,17.43000030517578,17.689333407084145,0.0
2021-04-06,59.33000183105469,17.56999969482422,73.27950286865234,1741.5,17.621428625924246,17.7546667098999,-0.04556548742549782
2021-04-07,59.77000045776367,16.969999313354492,73.48999786376953,1740.0999755859375,17.77428572518485,17.798666699727377,0.011594207800246004
2021-04-08,59.599998474121094,16.530000686645508,74.40149688720703,1756.800048828125,17.781428473336355,17.814333343505858,0.007416123599016666
2021-04-09,59.31999969482422,17.520000457763672,74.54450225830078,1743.300048828125,17.58142852783203,17.82100003560384,-0.0028442694050623274
2021-04-10,59.31999969482422,17.520000457763672,74.54450225830078,1743.300048828125,17.522857121058873,17.89433339436849,-0.004697966215862492
2021-04-11,59.31999969482422,17.520000457763672,74.54450225830078,1743.300048828125,17.464285714285715,17.938333384195964,0.0
2021-04-12,59.70000076293945,18.079999923706055,74.72949981689453,1731.199951171875,17.405714307512557,17.96933339436849,0.0
2021-04-13,60.18000030517578,17.06999969482422,74.99099731445312,1746.199951171875,17.387142998831614,18.01900005340576,0.0064059519566785905
2021-04-14,63.150001525878906,18.790000915527344,75.18150329589844,1734.9000244140625,17.31571442740304,18.035000038146972,0.008040193234541748
2021-04-15,63.459999084472656,20.299999237060547,75.0261001586914,1765.4000244140625,17.575714656284877,18.063000043233234,0.04935196420143062
2021-04-16,63.130001068115234,19.790000915527344,74.72740173339844,1779.0,18.11428587777274,18.139666684468587,0.004908908172657878
2021-04-17,63.130001068115234,19.790000915527344,74.72740173339844,1779.0,18.438571657453263,18.14933338165283,-0.005200094880527084
2021-04-18,63.130001068115234,19.790000915527344,74.72740173339844,1779.0,18.76285743713379,18.13133341471354,0.0
2021-04-19,63.380001068115234,20.0,74.56320190429688,1769.4000244140625,19.087143216814315,18.13866678873698,0.0
2021-04-20,62.439998626708984,20.450000762939453,74.8781967163086,1777.300048828125,19.36142894199916,18.153000132242838,0.003960082302711498
2021-04-21,61.349998474121094,21.8799991607666,75.44920349121094,1792.300048828125,19.844286237444198,18.182333501180015,-0.014831215297645972
2021-04-22,61.43000030517578,20.469999313354492,75.42949676513672,1781.199951171875,20.285714558192662,18.276333491007488,-0.01745676131584084
2021-04-23,62.13999938964844,20.920000076293945,75.0916976928711,1777.0,20.310000283377512,18.402000109354656,0.0013040233585079886
2021-04-24,62.13999938964844,20.920000076293945,75.0916976928711,1777.0,20.471428734915598,18.524666786193848,0.011557855786187288
2021-04-25,62.13999938964844,20.920000076293945,75.0916976928711,1777.0,20.632857186453684,18.578666814168294,0.0
2021-04-26,61.90999984741211,21.399999618530273,74.86810302734375,1779.199951171875,20.79428563799177,18.662000147501626,0.0
2021-04-27,62.939998626708984,22.979999542236328,74.81490325927734,1778.0,20.994285583496094,18.761333465576172,-0.00370131227060555
2021-04-28,63.86000061035156,23.520000457763672,74.57499694824219,1773.199951171875,21.355713980538503,18.913333447774253,0.016637034111379068
2021-04-29,65.01000213623047,24.010000228881836,74.31179809570312,1768.0999755859375,21.589999880109513,19.13500010172526,0.014617127481985293
2021-04-30,63.58000183105469,24.700000762939453,74.10579681396484,1767.300048828125,22.09571429661342,19.385333442687987,0.01800816653441273
2021-05-01,63.58000183105469,24.700000762939453,74.10579681396484,1767.300048828125,22.635714394705637,19.644666798909505,-0.02199661987672563
2021-05-02,63.58000183105469,24.700000762939453,74.10579681396484,1767.300048828125,23.17571449279785,19.87033348083496,0.0
2021-05-03,64.48999786376953,25.079999923706055,74.09480285644531,1791.4000244140625,23.715714590890066,20.096000162760415,0.0
2021-05-04,65.69000244140625,26.209999084472656,73.8375015258789,1775.800048828125,24.241428920200892,20.334333483378092,0.014312614131922974
2021-05-05,65.62999725341797,26.670000076293945,73.77890014648438,1784.0999755859375,24.702857426234655,20.61033344268799,0.01860760765059477
2021-05-06,64.70999908447266,23.559999465942383,73.79940032958984,1815.5,25.15285737173898,20.892333475748696,-0.0009134599750061367
2021-05-07,64.9000015258789,25.899999618530273,73.61519622802734,1831.0999755859375,25.088571548461914,21.09200013478597,-0.014017952269492095
2021-05-08,64.9000015258789,25.899999618530273,73.61519622802734,1831.0999755859375,25.25999995640346,21.389666811625162,0.0029362145587148447
2021-05-09,64.9000015258789,25.899999618530273,73.61519622802734,1831.0999755859375,25.431428364345006,21.702000109354653,0.0
2021-05-10,64.91999816894531,27.59000015258789,73.29029846191406,1837.5,25.60285677228655,21.981333414713543,0.0
2021-05-11,65.27999877929688,25.989999771118164,73.5,1835.9000244140625,25.961428233555385,22.317000071207683,0.0003081146779084776
2021-05-12,66.08000183105469,24.200000762939453,73.3750991821289,1822.5999755859375,25.92999976021903,22.599333381652833,0.00554529606446863
2021-05-13,63.81999969482422,23.959999084472656,73.68160247802734,1823.800048828125,25.5771427154541,22.803333409627278,0.012254948938686727
2021-05-14,65.37000274658203,22.950000762939453,73.44490051269531,1837.9000244140625,25.634285518101283,23.033000055948893,-0.0342009999032471
2021-05-15,65.37000274658203,22.950000762939453,73.44490051269531,1837.9000244140625,25.21285711015974,23.1716667175293,0.024287105283134602
2021-05-16,65.37000274658203,22.950000762939453,73.44490051269531,1837.9000244140625,24.79142870221819,23.26000010172526,0.0
2021-05-17,66.2699966430664,21.93000030517578,73.27890014648438,1867.5,24.370000294276647,23.36533342997233,0.0
2021-05-18,65.48999786376953,24.079999923706055,73.26969909667969,1867.800048828125,23.56142888750349,23.43666674296061,0.013767689439655673
2021-05-19,63.36000061035156,24.450000762939453,73.1281967163086,1881.300048828125,23.288571766444615,23.579666709899904,-0.011770013864614959
2021-05-20,62.04999923706055,25.6200008392334,73.222900390625,1881.800048828125,23.3242860521589,23.72800006866455,-0.032524008595155696
2021-05-21,63.58000183105469,26.860000610351562,73.02189636230469,1876.699951171875,23.561429159981863,23.900333404541016,-0.02067552652575244
2021-05-22,63.58000183105469,26.860000610351562,73.02189636230469,1876.699951171875,24.12000056675502,24.066333452860516,0.024657576354655486
2021-05-23,63.58000183105469,26.860000610351562,73.02189636230469,1876.699951171875,24.678571973528182,24.27933349609375,0.0
2021-05-24,66.05000305175781,25.239999771118164,72.90979766845703,1884.5999755859375,25.23714338030134,24.47733351389567,0.0
2021-05-25,66.06999969482422,23.959999084472656,72.83660125732422,1898.0999755859375,25.710000446864537,24.621333503723143,0.03884871263870715
2021-05-26,66.20999908447266,23.959999084472656,72.80490112304688,1901.300048828125,25.692857469831193,24.722666803995768,0.0003027500702874608
2021-05-27,66.8499984741211,23.920000076293945,72.67250061035156,1895.699951171875,25.622857230050222,24.808000119527183,0.0021189555062068877
2021-05-28,66.31999969482422,23.0,72.68299865722656,1902.5,25.37999997820173,24.839333470662435,0.009666204478147034
2021-05-29,66.31999969482422,23.0,72.68299865722656,1902.5,24.828571319580078,24.822000122070314,-0.007928179377626243
2021-05-30,66.31999969482422,23.0,72.68299865722656,1902.5,24.277142660958425,24.788333447774253,0.0
2021-05-31,66.31999969482422,23.0,72.39350128173828,1902.5,23.725714002336776,24.73166675567627,0.0
2021-06-01,67.72000122070312,23.850000381469727,72.48719787597656,1902.9000244140625,23.40571403503418,24.67500006357829,0.0
2021-06-02,68.83000183105469,22.579999923706055,72.8550033569336,1907.5,23.38999993460519,24.646666717529296,0.02110979391316503
2021-06-03,68.80999755859375,22.709999084472656,72.96510314941406,1871.199951171875,23.19285719735282,24.563333384195964,0.016391030572105336
2021-06-04,69.62000274658203,23.5,73.04419708251953,1889.800048828125,23.01999991280692,24.446666717529297,-0.0002906330368847021
2021-06-05,69.62000274658203,23.5,73.04419708251953,1889.800048828125,23.09142848423549,24.341000048319497,0.011771620647109238
2021-06-06,69.62000274658203,23.5,73.04419708251953,1889.800048828125,23.162857055664062,24.339000066121418,0.0
2021-06-07,69.2300033569336,22.65999984741211,72.90969848632812,1896.800048828125,23.234285627092635,24.259000078837076,0.0
2021-06-08,70.05000305175781,23.110000610351562,72.80940246582031,1892.199951171875,23.185714176722936,24.15100008646647,-0.005601829564242378
2021-06-09,69.95999908447266,24.989999771118164,72.97530364990234,1893.199951171875,23.079999923706055,24.058000119527183,0.01184457106836323
2021-06-10,70.29000091552734,27.049999237060547,72.98529815673828,1894.199951171875,23.424285616193497,23.971333440144857,-0.001284853152949239
2021-06-11,70.91000366210938,27.81999969482422,73.01229858398438,1877.4000244140625,24.04428563799177,24.00666675567627,0.004717007366684234
2021-06-12,70.91000366210938,27.81999969482422,73.01229858398438,1877.4000244140625,24.661428451538086,24.127333386739096,0.008820639330011204
2021-06-13,70.91000366210938,27.81999969482422,73.01229858398438,1877.4000244140625,25.278571265084402,24.256000073750815,0.0
2021-06-14,70.87999725341797,27.0,73.23159790039062,1864.0,25.89571407863072,24.418333371480305,0.0
2021-06-15,72.12000274658203,28.989999771118164,73.18080139160156,1854.5,26.51571410042899,24.55333334604899,-0.0004231618550520899
2021-06-16,72.1500015258789,30.139999389648438,73.3447036743164,1859.5,27.355713980538503,24.754666646321613,0.017494434836540007
2021-06-17,71.04000091552734,28.06999969482422,73.8240966796875,1773.800048828125,28.091428211757115,25.028333282470705,0.0004159564358627854
2021-06-18,71.63999938964844,27.06999969482422,74.25389862060547,1767.9000244140625,28.23714256286621,25.161333274841308,-0.01538462351873171
2021-06-19,71.63999938964844,27.06999969482422,74.25389862060547,1767.9000244140625,28.129999705723353,25.2486665725708,0.008445924357947998
2021-06-20,71.63999938964844,27.06999969482422,74.25389862060547,1767.9000244140625,28.022856848580496,25.29699986775716,0.0
2021-06-21,73.66000366210938,26.559999465942383,74.1438980102539,1781.800048828125,27.915713991437638,25.303999837239584,0.0
2021-06-22,73.05999755859375,27.049999237060547,74.13520050048828,1776.300048828125,27.85285677228655,25.29399979909261,0.02819659812494102
2021-06-23,73.08000183105469,27.8799991607666,74.33219909667969,1782.300048828125,27.575713838849747,25.300333086649577,-0.008145615988127686
2021-06-24,73.30000305175781,28.84000015258789,74.24690246582031,1775.5999755859375,27.2528566632952,25.388333066304526,0.00027380609265548195
2021-06-25,74.05000305175781,29.959999084472656,74.19029998779297,1776.5999755859375,27.362856728690012,25.550999768575032,0.0030104161903514726
2021-06-26,74.05000305175781,29.959999084472656,74.19029998779297,1776.5999755859375,27.775713784354075,25.75099976857503,0.010231923175643143
2021-06-27,74.05000305175781,29.959999084472656,74.19029998779297,1776.5999755859375,28.188570840018137,25.952333068847658,0.0
2021-06-28,72.91000366210938,28.93000030517578,74.21299743652344,1779.5999755859375,28.6014278956822,26.184333038330077,0.0
2021-06-29,72.9800033569336,28.81999969482422,74.285400390625,1762.800048828125,28.939999444144114,26.381999715169272,-0.01539499449921189
2021-06-30,73.47000122070312,29.350000381469727,74.28759765625,1770.800048828125,29.192856652396067,26.575999704996743,0.0009600835455807477
2021-07-01,75.2300033569336,27.31999969482422,74.37100219726562,1775.9000244140625,29.402856826782227,26.78766638437907,0.006714138684990489
2021-07-02,75.16000366210938,26.8700008392334,74.54499816894531,1782.5999755859375,29.185713904244558,26.90333302815755,0.023955384605798935
2021-07-03,75.16000366210938,26.8700008392334,74.54499816894531,1782.5999755859375,28.744285583496094,27.04633305867513,-0.0009304757636671157
2021-07-04,75.16000366210938,26.8700008392334,74.54499816894531,1782.5999755859375,28.30285726274763,27.18499978383382,0.0
2021-07-05,75.16000366210938,26.8700008392334,74.48179626464844,1782.5999755859375,27.86142894199916,27.2973331451416,0.0
2021-07-06,73.37000274658203,25.260000228881836,74.31780242919922,1793.5,27.567143304007395,27.40966650644938,0.0
2021-07-07,72.19999694824219,26.920000076293945,74.76290130615234,1801.5,27.05857195172991,27.468333180745443,-0.023815870520370153
2021-07-08,72.94000244140625,26.34000015258789,74.8218994140625,1799.5999755859375,26.711429050990514,27.610333188374838,-0.015946650600259793
2021-07-09,74.55999755859375,26.790000915527344,74.72139739990234,1810.0,26.571429116385325,27.717999839782713,0.010249383995051264
2021-07-10,74.55999755859375,26.790000915527344,74.72139739990234,1810.0,26.560000555855886,27.777999877929688,0.02220996795947272
2021-07-11,74.55999755859375,26.790000915527344,74.72139739990234,1810.0,26.54857199532645,27.769333267211913,0.0
2021-07-12,74.0999984741211,25.34000015258789,74.4905014038086,1805.5,26.537143434797013,27.734999974568684,0.0
2021-07-13,75.25,24.489999771118164,74.54170227050781,1809.4000244140625,26.31857190813337,27.652333323160807,-0.006169515819942961
2021-07-14,73.12999725341797,23.149999618530273,74.65910339355469,1824.300048828125,26.20857184273856,27.54133332570394,0.015519589062886974
2021-07-15,71.6500015258789,24.450000762939453,74.46910095214844,1828.4000244140625,25.670000348772323,27.41299997965495,-0.028172793974512
2021-07-16,71.80999755859375,24.510000228881836,74.53700256347656,1814.5,25.400000435965403,27.261666679382323,-0.020237874786326326
2021-07-17,71.80999755859375,24.510000228881836,74.53700256347656,1814.5,25.0742860521589,27.074000040690105,0.0022330220419752855
2021-07-18,71.80999755859375,24.510000228881836,74.53700256347656,1814.5,24.7485716683524,26.95533339182536,0.0
2021-07-19,66.41999816894531,25.329999923706055,74.63179779052734,1808.699951171875,24.4228572845459,26.870000076293945,0.0
2021-07-20,67.41999816894531,25.479999542236328,74.99340057373047,1810.9000244140625,24.421428680419922,26.81200008392334,-0.07505917801000395
2021-07-21,70.30000305175781,26.100000381469727,74.5270004272461,1802.9000244140625,24.562857219151088,26.759000078837076,0.015055706527669743
2021-07-22,71.91000366210938,26.579999923706055,74.44020080566406,1805.0,24.98428589957101,26.74366677602132,0.04271736815530014
2021-07-23,72.06999969482422,27.09000015258789,74.4520034790039,1801.4000244140625,25.288571493966238,26.728000132242837,0.022901856905556794
2021-07-24,72.06999969482422,27.09000015258789,74.4520034790039,1801.4000244140625,25.657142911638534,26.701666831970215,0.002224948193114251
2021-07-25,72.06999969482422,27.09000015258789,74.4520034790039,1801.4000244140625,26.025714329310826,26.64333349863688,0.0
2021-07-26,71.91000366210938,25.6299991607666,74.44889831542969,1798.699951171875,26.39428574698312,26.547666867574055,0.0
2021-07-27,71.6500015258789,24.6299991607666,74.28949737548828,1799.5,26.437142780848912,26.403333536783855,-0.002220008788571315
2021-07-28,72.38999938964844,25.489999771118164,74.5022964477539,1799.5,26.315714154924667,26.22566687266032,-0.00361566017229209
2021-07-29,73.62000274658203,26.649999618530273,74.38999938964844,1831.199951171875,26.22857121058873,26.11100018819173,0.010327953217171393
2021-07-30,73.94999694824219,25.799999237060547,74.25199890136719,1812.5999755859375,26.238571166992188,26.038666852315266,0.016991343656641567
2021-07-31,73.94999694824219,25.799999237060547,74.25199890136719,1812.5999755859375,26.054285321916854,25.920333480834962,0.004482398659995557
2021-08-01,73.94999694824219,25.799999237060547,74.25199890136719,1812.5999755859375,25.869999476841517,25.869666798909506,0.0
2021-08-02,71.26000213623047,26.549999237060547,74.37909698486328,1818.0999755859375,25.685713631766184,25.834000078837075,0.0
2021-08-03,70.55999755859375,26.6299991607666,74.33200073242188,1810.0999755859375,25.817142214093888,25.82333335876465,-0.036375861028019485
2021-08-04,68.1500015258789,27.190000534057617,74.21440124511719,1810.5,26.102856499808176,25.815333302815755,-0.009823246655234374
2021-08-05,69.08999633789062,26.729999542236328,74.18399810791016,1805.0999755859375,26.345713751656668,25.825999959309897,-0.034155273754276405
2021-08-06,68.27999877929688,26.600000381469727,74.08200073242188,1760.0,26.357142312186106,25.874999936421712,0.01379302701342966
2021-08-07,68.27999877929688,26.600000381469727,74.08200073242188,1760.0,26.471428189958846,25.86433327992757,-0.011723803756369944
2021-08-08,68.27999877929688,26.600000381469727,74.08200073242188,1760.0,26.585714067731583,25.872999954223634,0.0
2021-08-09,66.4800033569336,26.420000076293945,74.49140167236328,1723.4000244140625,26.699999945504324,25.86666660308838,0.0
2021-08-10,68.29000091552734,27.010000228881836,74.46620178222656,1728.800048828125,26.68142863682338,25.854333241780598,-0.026361972093488895
2021-08-11,69.25,27.770000457763672,74.43550109863281,1750.4000244140625,26.735714503696986,25.86166655222575,0.027226195354952187
2021-08-12,69.08999633789062,28.25,74.10299682617188,1749.0,26.818571635654994,25.942666562398276,0.014057681528810484
2021-08-13,68.44000244140625,27.969999313354492,74.26010131835938,1775.199951171875,27.035714558192662,26.067999903361002,-0.0023105221965252776
2021-08-14,68.44000244140625,27.969999313354492,74.26010131835938,1775.199951171875,27.231428691319056,26.228666559855142,-0.009407930683705934
2021-08-15,68.44000244140625,27.969999313354492,74.26010131835938,1775.199951171875,27.42714282444545,26.345999844868977,0.0
2021-08-16,67.29000091552734,28.780000686645508,74.216796875,1786.9000244140625,27.622856957571848,26.461333147684734,0.0
2021-08-17,66.58999633789062,29.209999084472656,74.13500213623047,1785.0,27.959999901907786,26.603666496276855,-0.016803060854117646
2021-08-18,65.45999908447266,29.600000381469727,74.364501953125,1781.5999755859375,28.274285452706472,26.76033312479655,-0.010402802319998017
2021-08-19,63.689998626708984,29.270000457763672,74.2697982788086,1780.199951171875,28.53571401323591,26.90266647338867,-0.016969474629254244
2021-08-20,62.31999969482422,29.979999542236328,74.4292984008789,1781.0,28.681428364345006,27.028999837239585,-0.027039420753421917
2021-08-21,62.31999969482422,29.979999542236328,74.4292984008789,1781.0,28.968571254185267,27.15833314259847,-0.02151042489283783
2021-08-22,62.31999969482422,29.979999542236328,74.4292984008789,1781.0,29.25571414402553,27.271666463216146,0.0
2021-08-23,65.63999938964844,30.329999923706055,74.30149841308594,1803.199951171875,29.542857033865793,27.367999776204428,0.0
2021-08-24,67.54000091552734,30.3700008392334,74.10590362548828,1805.5999755859375,29.764285496303014,27.475999768575033,0.053273422835076634
2021-08-25,68.36000061035156,29.399999618530273,74.1447982788086,1788.199951171875,29.930000032697404,27.58533312479655,0.028945788292900954
2021-08-26,67.41999816894531,30.739999771118164,74.0999984741211,1792.199951171875,29.901428495134628,27.710999806722004,0.012140948826012021
2021-08-27,68.73999786376953,30.0,74.15599822998047,1816.5999755859375,30.11142839704241,27.914666493733723,-0.013750767013069765
2021-08-28,68.73999786376953,30.0,74.15599822998047,1816.5999755859375,30.114285605294363,28.06499983469645,0.01957875601711656
2021-08-29,68.73999786376953,30.0,74.15599822998047,1816.5999755859375,30.117142813546316,28.176666514078775,0.0
2021-08-30,69.20999908447266,29.940000534057617,73.49659729003906,1809.0,30.12000002179827,28.31666653951009,0.0
2021-08-31,68.5,28.329999923706055,73.41120147705078,1815.0,30.064285823277064,28.454666582743325,0.006837376131936912
2021-09-01,68.58999633789062,27.729999542236328,72.99669647216797,1813.0999755859375,29.772857121058873,28.538999938964842,-0.010258620052950529
2021-09-02,69.98999786376953,28.260000228881836,72.98509979248047,1808.699951171875,29.534285681588308,28.5783332824707,0.001313815151688047
2021-09-03,69.29000091552734,27.360000610351562,73.0542984008789,1830.9000244140625,29.180000032697404,28.632666651407877,0.020411161986103155
2021-09-04,69.29000091552734,27.360000610351562,73.0542984008789,1830.9000244140625,28.80285726274763,28.638333320617676,-0.010001385478031866
2021-09-05,69.29000091552734,27.360000610351562,73.0542984008789,1830.9000244140625,28.42571449279785,28.659333356221516,0.0
2021-09-06,69.29000091552734,27.360000610351562,72.99449920654297,1830.9000244140625,28.048571722848074,28.684666697184245,0.0
2021-09-07,68.3499984741211,26.899999618530273,73.11000061035156,1795.9000244140625,27.68000030517578,28.710000038146973,0.0
2021-09-08,69.30000305175781,27.670000076293945,73.3904037475586,1790.699951171875,27.475714547293528,28.72000001271566,-0.013566206220032018
2021-09-09,68.13999938964844,29.350000381469727,73.78900146484375,1797.4000244140625,27.467143195016043,28.761666679382323,0.013899116296197223
2021-09-10,69.72000122070312,30.1200008392334,73.53800201416016,1789.5999755859375,27.6228575025286,28.839666684468586,-0.01673886884597986
2021-09-11,69.72000122070312,30.1200008392334,73.53800201416016,1789.5999755859375,28.01714324951172,28.91800003051758,0.02318758211340266
2021-09-12,69.72000122070312,30.1200008392334,73.53800201416016,1789.5999755859375,28.411428996494838,28.980333391825358,0.0
2021-09-13,70.44999694824219,30.829999923706055,73.52429962158203,1792.0,28.805714743477957,29.052000109354655,0.0
2021-09-14,70.45999908447266,29.8799991607666,73.54080200195312,1804.699951171875,29.301428931100027,29.14733346303304,0.010470391777937849
2021-09-15,72.61000061035156,30.200000762939453,73.65080261230469,1792.4000244140625,29.727143151419504,29.211000124613445,0.00014197497038659357
2021-09-16,72.61000061035156,30.649999618530273,73.43800354003906,1754.5999755859375,30.08857182094029,29.258333460489908,0.030513788728570912
2021-09-17,71.97000122070312,30.729999542236328,73.56490325927734,1749.4000244140625,30.274285997663224,29.30633347829183,0.0
2021-09-18,71.97000122070312,30.729999542236328,73.56490325927734,1749.4000244140625,30.361428669520787,29.34400011698405,-0.008814204438351125
2021-09-19,71.97000122070312,30.729999542236328,73.56490325927734,1749.4000244140625,30.448571341378347,29.39266675313314,0.0
2021-09-20,70.29000091552734,28.899999618530273,73.69609832763672,1761.800048828125,30.53571401323591,29.417666753133137,0.0
2021-09-21,70.55999755859375,30.899999618530273,73.65899658203125,1776.0,30.259999683925084,29.38166675567627,-0.023343063452561208
2021-09-22,72.2300033569336,30.739999771118164,73.7927017211914,1776.699951171875,30.40571403503418,29.412333424886068,0.0038411813849723586
2021-09-23,73.30000305175781,31.860000610351562,73.8749008178711,1747.699951171875,30.48285675048828,29.42600008646647,0.023667883448451832
2021-09-24,73.9800033569336,32.47999954223633,73.83999633789062,1749.699951171875,30.65571403503418,29.475666745503744,0.01481378437069547
2021-09-25,73.9800033569336,32.47999954223633,73.83999633789062,1749.699951171875,30.90571403503418,29.57833340962728,0.009276947842630001
2021-09-26,73.9800033569336,32.47999954223633,73.83999633789062,1749.699951171875,31.15571403503418,29.636333401997884,0.0
2021-09-27,75.44999694824219,34.349998474121094,73.81289672851562,1750.0,31.40571403503418,29.71900005340576,0.0
2021-09-28,75.29000091552734,36.56999969482422,73.82530212402344,1735.800048828125,32.18428530011858,29.864000002543133,0.019870147669719174
2021-09-29,74.83000183105469,35.68000030517578,74.16329956054688,1721.5,32.99428531101772,30.082999992370606,-0.0021205571794071787
2021-09-30,75.02999877929688,36.0099983215332,74.3219985961914,1755.300048828125,33.69999967302595,30.274333318074543,-0.006109696890411187
2021-10-01,75.87999725341797,36.900001525878906,74.25440216064453,1757.0,34.29285648890904,30.530333264668783,0.002672683995033509
2021-10-02,75.87999725341797,36.900001525878906,74.25440216064453,1757.0,34.92428534371512,30.83599999745687,0.01132878166000495
2021-10-03,75.87999725341797,36.900001525878906,74.25440216064453,1757.0,35.55571419852121,31.124000040690103,0.0
2021-10-04,77.62000274658203,37.77000045776367,74.152099609375,1766.199951171875,36.18714305332729,31.442000071207683,0.0
2021-10-05,78.93000030517578,41.25,74.57279968261719,1759.5999755859375,36.675714765276226,31.78900006612142,0.022931016817949068
2021-10-06,77.43000030517578,41.5099983215332,74.56320190429688,1760.5,37.344286237444194,32.25200004577637,0.01687706148208612
2021-10-07,78.30000305175781,38.84000015258789,74.76000213623047,1757.9000244140625,38.17714309692383,32.72366663614909,-0.01900418084632438
2021-10-08,79.3499984741211,39.22999954223633,74.83000183105469,1756.300048828125,38.58142907278879,33.12166665395101,0.011235990483702496
2021-10-09,79.3499984741211,39.22999954223633,74.83000183105469,1756.300048828125,38.91428593226841,33.50699996948242,0.013409902700376897
2021-10-10,79.3499984741211,39.22999954223633,74.83000183105469,1756.300048828125,39.24714279174805,33.83633327484131,0.0
2021-10-11,80.5199966430664,40.959999084472656,75.30580139160156,1754.5999755859375,39.57999965122768,34.13999989827474,0.0
2021-10-12,80.63999938964844,37.630001068115234,75.40260314941406,1758.300048828125,40.03571374075754,34.501333173116045,0.014744778720152008
2021-10-13,80.44000244140625,36.88999938964844,75.48390197753906,1793.699951171875,39.518571036202566,34.75166651407878,0.0014903471384131173
2021-10-14,81.30999755859375,37.279998779296875,75.3062973022461,1796.699951171875,38.85857118879046,34.95366649627685,-0.0024801209047115025
2021-10-15,82.27999877929688,35.29999923706055,74.99500274658203,1767.199951171875,38.63571384974888,35.20033315022786,0.01081545363976355
2021-10-16,82.27999877929688,35.29999923706055,74.99500274658203,1767.199951171875,38.074285234723774,35.37033309936523,0.01192966732048073
2021-10-17,82.27999877929688,35.29999923706055,74.99500274658203,1767.199951171875,37.51285661969866,35.525333086649574,0.0
2021-10-18,82.44000244140625,37.290000915527344,75.00589752197266,1764.800048828125,36.95142800467355,35.677666409810385,0.0
2021-10-19,82.95999908447266,38.47999954223633,75.2354965209961,1769.699951171875,36.42714255196707,35.89633312225342,0.0019446240214291421
2021-10-20,83.87000274658203,37.310001373291016,75.12010192871094,1784.0999755859375,36.548570905412944,36.15466645558675,0.006307576754816191
2021-10-21,82.5,34.56999969482422,74.80919647216797,1781.199951171875,36.60857118879046,36.43499984741211,0.010969186019189614
2021-10-22,83.76000213623047,32.20000076293945,74.86540222167969,1795.5,36.221428462437224,36.55733318328858,-0.016334836076273618
2021-10-23,83.76000213623047,32.20000076293945,74.86540222167969,1795.5,35.778571537562776,36.60599988301595,0.015272753166429842
2021-10-24,83.76000213623047,32.20000076293945,74.86540222167969,1795.5,35.335714612688335,36.617333221435544,0.0
2021-10-25,83.76000213623047,30.610000610351562,74.99369812011719,1806.0,34.892857687813894,36.60799992879232,0.0
2021-10-26,84.6500015258789,27.760000228881836,75.08989715576172,1792.699951171875,33.93857192993164,36.54566663106282,0.0
2021-10-27,82.66000366210938,29.479999542236328,74.88890075683594,1797.9000244140625,32.407143456595286,36.388333320617676,0.010625589385741652
2021-10-28,82.80999755859375,30.3700008392334,75.05000305175781,1801.5999755859375,31.288571766444615,36.226000022888186,-0.023508539018291197
2021-10-29,83.56999969482422,30.040000915527344,74.79720306396484,1783.0,30.68857192993164,36.01933339436849,0.001814588553582741
2021-10-30,83.56999969482422,30.040000915527344,74.79720306396484,1783.0,30.380000523158483,35.83133341471354,0.009177661618607225
2021-10-31,83.56999969482422,30.040000915527344,74.79720306396484,1783.0,30.071429116385325,35.632333501180014,0.0
2021-11-01,84.05000305175781,26.399999618530273,74.92829895019531,1795.0999755859375,29.762857709612167,35.4036668141683,0.0
2021-11-02,83.91000366210938,22.8799991607666,74.82990264892578,1788.699951171875,29.161428996494838,35.053666750590004,0.005743728116386793
2021-11-03,80.86000061035156,20.81999969482422,74.71199798583984,1763.5999755859375,28.46428598676409,34.5863333384196,-0.0016656678710912365
2021-11-04,78.80999755859375,23.06999969482422,74.43550109863281,1793.0,27.227143151419504,34.02133331298828,-0.036348503380355335
2021-11-05,81.2699966430664,23.049999237060547,74.47810363769531,1816.4000244140625,26.184285845075333,33.41533330281575,-0.025352498593666506
2021-11-06,81.2699966430664,23.049999237060547,74.47810363769531,1816.4000244140625,25.185714176722936,32.8,0.031214302254529258
2021-11-07,81.2699966430664,23.049999237060547,74.47810363769531,1816.4000244140625,24.187142508370535,32.27366663614909,0.0
2021-11-08,81.93000030517578,25.15999984741211,74.19110107421875,1827.4000244140625,23.188570840018137,31.734333292643228,0.0
2021-11-09,84.1500015258789,24.219999313354492,73.91850280761719,1830.199951171875,23.011428015572683,31.265333302815755,0.008121123284993814
2021-11-10,81.33999633789062,22.700000762939453,74.17479705810547,1847.5999755859375,23.202856608799525,30.76499996185303,0.02709631651939448
2021-11-11,81.58999633789062,21.940000534057617,74.40489959716797,1863.199951171875,23.471428189958846,30.156333351135252,-0.03339281208597611
2021-11-12,80.79000091552734,22.6299991607666,74.32209777832031,1867.9000244140625,23.30999973842076,29.633333333333333,0.00307351870242889
2021-11-13,80.79000091552734,22.6299991607666,74.32209777832031,1867.9000244140625,23.249999727521622,29.157999992370605,-0.009805067511588605
2021-11-14,80.79000091552734,22.6299991607666,74.32209777832031,1867.9000244140625,23.189999716622488,28.66966667175293,0.0
2021-11-15,80.87999725341797,21.670000076293945,74.33999633789062,1866.0999755859375,23.129999705723353,28.247333335876466,0.0
2021-11-16,80.76000213623047,19.649999618530273,74.43509674072266,1853.5999755859375,22.63142830984933,27.79300003051758,0.0011139539159645828
2021-11-17,78.36000061035156,20.450000762939453,74.45860290527344,1869.699951171875,21.97857121058873,27.27133337656657,-0.0014836192045299956
2021-11-18,79.01000213623047,22.229999542236328,74.25980377197266,1861.0,21.657142639160156,26.710000038146973,-0.02971770012871533
2021-11-19,76.0999984741211,24.790000915527344,74.17440032958984,1851.199951171875,21.698571068899973,26.168333371480305,0.00829506790219492
2021-11-20,76.0999984741211,24.790000915527344,74.17440032958984,1851.199951171875,22.007142748151505,25.751000022888185,-0.03683082626794387
2021-11-21,76.0999984741211,24.790000915527344,74.17440032958984,1851.199951171875,22.31571442740304,25.42500006357829,0.0
2021-11-22,76.75,24.889999389648438,74.30259704589844,1806.0,22.624286106654576,25.178000068664552,0.0
2021-11-23,78.5,23.389999389648438,74.42980194091797,1783.5,23.084286008562362,24.93433335622152,0.008541413126308406
2021-11-24,78.38999938964844,25.200000762939453,74.4469985961914,1784.0999755859375,23.61857169015067,24.640666643778484,0.0228013029315961
2021-11-25,78.38999938964844,25.200000762939453,74.625,1784.0999755859375,24.297143118722097,24.46033331553141,-0.001401281660529441
2021-11-26,68.1500015258789,24.729999542236328,74.50579833984375,1785.300048828125,24.721429007393972,24.375,0.0
2021-11-27,68.1500015258789,24.729999542236328,74.50579833984375,1785.300048828125,24.712857382638113,24.216666666666665,-0.1306288805140844
2021-11-28,68.1500015258789,24.729999542236328,74.50579833984375,1785.300048828125,24.704285757882253,24.02866662343343,0.0
2021-11-29,69.94999694824219,26.959999084472656,74.98159790039062,1782.300048828125,24.695714133126394,23.851666577657063,0.0
2021-11-30,66.18000030517578,26.649999618530273,75.05490112304688,1773.5999755859375,24.99142837524414,23.74899984995524,0.026412257990629184
2021-12-01,65.56999969482422,27.790000915527344,75.0509033203125,1781.5999755859375,25.457142693655832,23.635999806722005,-0.05389559410354117
2021-12-02,66.5,28.719999313354492,75.01789855957031,1760.699951171875,25.8271427154541,23.682333183288574,-0.009217295369275735
2021-12-03,66.26000213623047,29.59000015258789,74.9834976196289,1782.0,26.329999651227677,23.876999855041504,0.014183320260853893
2021-12-04,66.26000213623047,29.59000015258789,74.9834976196289,1782.0,27.024285452706472,24.169333203633627,-0.003608990432624526
2021-12-05,66.26000213623047,29.59000015258789,74.9834976196289,1782.0,27.718571254185267,24.386666552225748,0.0
2021-12-06,69.48999786376953,29.600000381469727,75.23400115966797,1777.5,28.412857055664062,24.604666582743327,0.0
2021-12-07,72.05000305175781,30.440000534057617,75.39129638671875,1782.5999755859375,28.790000098092214,24.822999954223633,0.04874729283736201
2021-12-08,72.36000061035156,28.459999084472656,75.40859985351562,1783.4000244140625,29.33142880031041,25.0693333307902,0.03683990886007793
2021-12-09,70.94000244140625,27.170000076293945,75.38330078125,1774.5999755859375,29.42714282444545,25.179333305358888,0.004302533594218838
2021-12-10,71.66999816894531,28.139999389648438,75.59919738769531,1782.9000244140625,29.20571436200823,25.277666664123537,-0.019624076243335065
2021-12-11,71.66999816894531,28.139999389648438,75.59919738769531,1782.9000244140625,28.998571395874023,25.4589999516805,0.010290325661350463
2021-12-12,71.66999816894531,28.139999389648438,75.59919738769531,1782.9000244140625,28.791428429739817,25.665666580200195,0.0
2021-12-13,71.29000091552734,27.829999923706055,75.70999908447266,1786.300048828125,28.584285463605607,25.849333254496255,0.0
2021-12-14,70.7300033569336,23.610000610351562,75.82689666748047,1770.4000244140625,28.331428255353654,26.022666613260906,-0.005302040785911788
2021-12-15,70.87000274658203,24.790000915527344,76.04720306396484,1762.5999755859375,27.355713980538503,26.05533332824707,-0.007855204816974215
2021-12-16,72.37999725341797,24.280000686645508,76.2114028930664,1796.5999755859375,26.83142852783203,26.159333356221516,0.0019793493991784317
2021-12-17,70.86000061035156,23.950000762939453,76.1675033569336,1803.800048828125,26.41857147216797,26.31366672515869,0.021306539414643444
2021-12-18,70.86000061035156,23.950000762939453,76.1675033569336,1803.800048828125,25.82000023978097,26.430333391825357,-0.021000230737016623
2021-12-19,70.86000061035156,23.950000762939453,76.1675033569336,1803.800048828125,25.221429007393972,26.487666765848797,0.0
2021-12-20,68.2300033569336,25.719999313354492,76.00599670410156,1793.699951171875,24.622857775006974,26.459666760762534,0.0
2021-12-21,71.12000274658203,25.040000915527344,75.75869750976562,1787.9000244140625,24.321429116385325,26.49066670735677,-0.03711539981321654
2021-12-22,72.76000213623047,26.270000457763672,75.6864013671875,1801.5999755859375,24.525714874267578,26.499000040690103,0.04235672354477105
2021-12-23,73.79000091552734,26.770000457763672,75.45850372314453,1811.199951171875,24.73714338030134,26.545000076293945,0.023059608075271854
2021-12-24,73.79000091552734,26.770000457763672,75.06739807128906,1811.199951171875,25.09285763331822,26.657666778564455,0.014156112548875166
2021-12-25,73.79000091552734,26.770000457763672,75.06739807128906,1811.199951171875,25.495714732578822,26.71000010172526,0.0
2021-12-26,73.79000091552734,26.770000457763672,75.06739807128906,1811.199951171875,25.898571831839426,26.76233342488607,0.0
2021-12-27,75.56999969482422,26.700000762939453,75.31500244140625,1808.0999755859375,26.301428931100027,26.830333455403647,0.0
2021-12-28,75.9800033569336,26.489999771118164,74.98030090332031,1810.199951171875,26.441429138183594,26.896000162760416,0.02412249298295266
2021-12-29,76.55999755859375,28.25,74.74500274658203,1805.0999755859375,26.648571831839426,26.95466683705648,0.005425481854771652
2021-12-30,76.98999786376953,29.600000381469727,74.57029724121094,1812.699951171875,26.931428909301758,26.997666867574058,0.00763351113496924
2021-12-31,75.20999908447266,29.489999771118164,74.43119812011719,1827.5,27.33571461268834,27.096000226338706,0.0056165140920581
2022-01-01,75.20999908447266,29.489999771118164,74.43119812011719,1827.5,27.72428594316755,27.1526668548584,-0.023119870485598715
2022-01-02,75.20999908447266,29.489999771118164,74.43119812011719,1827.5,28.112857273646764,27.178333536783853,0.0
2022-01-03,76.08000183105469,29.219999313354492,74.51380157470703,1799.4000244140625,28.501428604125977,27.175000190734863,0.0
2022-01-04,76.98999786376953,26.84000015258789,74.4032974243164,1814.0,28.86142839704241,27.162666829427085,0.011567647349721266
2022-01-05,77.8499984741211,26.219999313354492,74.53489685058594,1824.5999755859375,28.911428451538086,27.071000162760416,0.011961041151597351
2022-01-06,79.45999908447266,26.479999542236328,74.43009948730469,1788.699951171875,28.62142835344587,26.958333460489907,0.011170290092400004
2022-01-07,78.9000015258789,26.860000610351562,74.41929626464844,1797.0,28.1757139478411,26.826333427429198,0.020680804648785633
2022-01-08,78.9000015258789,26.860000610351562,74.41929626464844,1797.0,27.7999997820173,26.773000144958495,-0.007047540461187607
2022-01-09,78.9000015258789,26.860000610351562,74.41929626464844,1797.0,27.424285616193497,26.762666829427083,0.0
2022-01-10,78.2300033569336,24.079999923706055,74.2699966430664,1798.4000244140625,27.0485714503697,26.72000020345052,0.0
2022-01-11,81.22000122070312,24.700000762939453,74.05699920654297,1818.5999755859375,26.314285823277064,26.58466688791911,-0.008491738352191969
2022-01-12,82.63999938964844,23.5,73.81529998779297,1827.199951171875,26.00857162475586,26.47000026702881,0.038220602524166036
2022-01-13,82.12000274658203,22.360000610351562,73.79910278320312,1821.199951171875,25.620000294276647,26.32566693623861,0.017483355671057854
2022-01-14,83.81999969482422,23.190000534057617,73.97229766845703,1816.5,25.031429018293107,26.28400026957194,-0.006292311797034489
2022-01-15,83.81999969482422,23.190000534057617,73.97229766845703,1816.5,24.50714329310826,26.23066692352295,0.02070137471242295
2022-01-16,83.81999969482422,23.190000534057617,73.97229766845703,1816.5,23.98285756792341,26.194333585103355,0.0
2022-01-17,83.81999969482422,23.190000534057617,74.37899780273438,1816.5,23.45857184273856,26.169000244140626,0.0
2022-01-18,85.43000030517578,21.0,74.25509643554688,1812.300048828125,23.331429072788783,26.1436669031779,0.0
2022-01-19,86.95999908447266,19.90999984741211,74.61969757080078,1843.0999755859375,22.802857535226003,26.04533354441325,0.01920783364606682
2022-01-20,86.9000015258789,21.530000686645508,74.44920349121094,1842.5,22.290000370570592,25.8516668955485,0.017909385155464808
2022-01-21,85.13999938964844,20.110000610351562,74.45220184326172,1831.800048828125,22.1714289528983,25.734666887919108,-0.0006899443333189259
2022-01-22,85.13999938964844,20.110000610351562,74.45220184326172,1831.800048828125,21.731428963797434,25.529333559672036,-0.02025318878396498
2022-01-23,85.13999938964844,20.110000610351562,74.45220184326172,1831.800048828125,21.29142897469657,25.307333564758302,0.0
2022-01-24,83.30999755859375,21.079999923706055,74.41320037841797,1841.699951171875,20.851428985595703,25.085333569844565,0.0
2022-01-25,85.5999984741211,19.940000534057617,74.6447982788086,1852.699951171875,20.55000032697405,24.895666885375977,-0.0214940315265868
2022-01-26,87.3499984741211,19.639999389648438,74.77999877929688,1829.9000244140625,20.398571831839426,24.66800022125244,0.027487708349970053
2022-01-27,86.61000061035156,20.5,74.8949966430664,1793.300048828125,20.360000337873185,24.43266684214274,0.020443925598071955
2022-01-28,86.81999969482422,22.010000228881836,75.20929718017578,1784.9000244140625,20.212857382638113,24.233000183105467,-0.00847164140465062
2022-01-29,86.81999969482422,22.010000228881836,75.20929718017578,1784.9000244140625,20.48428589957101,24.025000190734865,0.0024246516914070426
2022-01-30,86.81999969482422,22.010000228881836,75.20929718017578,1784.9000244140625,20.755714416503906,23.7720001856486,0.0
2022-01-31,88.1500015258789,21.940000534057617,75.03900146484375,1795.0,21.027142933436803,23.522666867574056,0.0
2022-02-01,88.19999694824219,21.5,74.55580139160156,1800.300048828125,21.150000163487025,23.271000226338703,0.015319072054016392
2022-02-02,88.26000213623047,22.290000915527344,74.74549865722656,1809.199951171875,21.372857230050222,23.004666900634767,0.0005671630345758238
2022-02-03,90.2699966430664,21.829999923706055,74.82240295410156,1803.0,21.751428876604354,22.77366695404053,0.0006803309531120405
2022-02-04,92.30999755859375,21.700000762939453,74.6438980102539,1806.5999755859375,21.941428865705216,22.60666694641113,0.022773560595811926
2022-02-05,92.30999755859375,21.700000762939453,74.6438980102539,1806.5999755859375,21.89714322771345,22.456000328063965,0.02259888103899721
2022-02-06,92.30999755859375,21.700000762939453,74.6438980102539,1806.5999755859375,21.85285758972168,22.296667035420736,0.0
2022-02-07,91.31999969482422,21.780000686645508,74.64219665527344,1820.5999755859375,21.80857195172991,22.124667040507,0.0
2022-02-08,89.36000061035156,22.780000686645508,74.6583023071289,1826.5999755859375,21.785714830671036,21.955333709716797,-0.010724709023430812
2022-02-09,89.66000366210938,24.850000381469727,74.69519805908203,1835.199951171875,21.968572071620397,21.81933371225993,-0.021462977343655654
2022-02-10,89.87999725341797,25.43000030517578,74.80889892578125,1836.199951171875,22.334286281040736,21.845000394185384,0.0033572409322819574
2022-02-11,93.0999984741211,24.729999542236328,75.53839874267578,1840.800048828125,22.848572049822128,21.869333712259927,0.002453642452856286
2022-02-12,93.0999984741211,24.729999542236328,75.53839874267578,1840.800048828125,23.281429018293107,21.91033369700114,0.035825559847585176
2022-02-13,93.0999984741211,24.729999542236328,75.53839874267578,1840.800048828125,23.71428598676409,21.9893336613973,0.0
2022-02-14,95.45999908447266,22.780000686645508,75.34100341796875,1868.0,24.147142955235072,22.04066696166992,0.0
2022-02-15,92.06999969482422,22.65999984741211,75.6854019165039,1854.800048828125,24.290000098092214,22.02700030008952,0.025349093974556425
2022-02-16,93.66000366210938,22.170000076293945,75.17479705810547,1870.199951171875,24.272857121058873,22.009333610534668,-0.035512250389282185
2022-02-17,91.76000213623047,23.530000686645508,75.04199981689453,1900.699951171875,23.88999993460519,21.975333595275877,0.017269512029492784
2022-02-18,91.06999969482422,23.56999969482422,75.06300354003906,1898.5999755859375,23.618571417672293,22.059666951497395,-0.020286156860866766
2022-02-19,91.06999969482422,23.56999969482422,75.06300354003906,1898.5999755859375,23.452857153756277,22.181666946411134,-0.0075196428219546085
2022-02-20,91.06999969482422,23.56999969482422,75.06300354003906,1898.5999755859375,23.28714288984026,22.249666913350424,0.0
2022-02-21,91.06999969482422,23.56999969482422,74.68240356445312,1898.5999755859375,23.121428625924246,22.365000216166177,0.0
2022-02-22,92.3499984741211,23.860000610351562,74.51699829101562,1906.0999755859375,23.234285627092635,22.480333518981933,0.0
2022-02-23,92.0999984741211,24.940000534057617,74.62300109863281,1909.199951171875,23.405714307512557,22.605333518981933,0.014055109076382521
2022-02-24,92.80999755859375,22.6200008392334,74.63300323486328,1925.0999755859375,23.801428658621653,22.734000205993652,-0.0027070926272950713
2022-02-25,91.58999633789062,22.610000610351562,75.4083023071289,1886.5,23.671428680419922,22.823333549499512,0.007709002130680265
2022-02-26,91.58999633789062,22.610000610351562,75.4083023071289,1886.5,23.534285954066686,22.922333590189616,-0.01314514872099748
2022-02-27,91.58999633789062,22.610000610351562,75.4083023071289,1886.5,23.39714322771345,22.992666943868002,0.0
2022-02-28,95.72000122070312,21.43000030517578,75.06800079345703,1899.4000244140625,23.260000501360214,23.012666956583658,0.0
2022-03-01,103.41000366210938,23.8799991607666,75.28479766845703,1942.4000244140625,22.954286302839005,22.993333625793458,0.045092314094830055
2022-03-02,110.5999984741211,23.670000076293945,75.80120086669922,1920.9000244140625,22.957143238612584,23.05566692352295,0.08033851173565365
2022-03-03,107.66999816894531,23.579999923706055,75.63099670410156,1934.4000244140625,22.7757146017892,23.113333574930827,0.06952900645381388
2022-03-04,115.68000030517578,24.899999618530273,75.8917007446289,1965.0999755859375,22.91285732814244,23.182666905721028,-0.02649186569257833
2022-03-05,115.68000030517578,24.899999618530273,75.8917007446289,1965.0999755859375,23.24000004359654,23.269666862487792,0.07439400271616936
2022-03-06,115.68000030517578,24.899999618530273,75.8917007446289,1965.0999755859375,23.567142759050643,23.3720001856486,0.0
2022-03-07,119.4000015258789,26.280000686645508,76.41799926757812,1993.9000244140625,23.894285474504745,23.478666814168296,0.0
2022-03-08,123.69999694824219,26.829999923706055,77.08080291748047,2040.0999755859375,24.58714267185756,23.63133347829183,0.0321576868161253
2022-03-09,108.69999694824219,27.84000015258789,76.91449737548828,1985.9000244140625,25.00857135227748,23.802333450317384,0.03601336153610757
2022-03-10,106.0199966430664,27.56999969482422,76.13490295410156,1998.0999755859375,25.604285648890905,24.004333432515462,-0.12126111859385258
2022-03-11,109.33000183105469,27.049999237060547,76.310302734375,1982.699951171875,26.174285616193497,24.16400006612142,-0.024655017299143767
2022-03-12,109.33000183105469,27.049999237060547,76.310302734375,1982.699951171875,26.481428418840682,24.23733336130778,0.03122057435194936
2022-03-13,109.33000183105469,27.049999237060547,76.310302734375,1982.699951171875,26.788571221487864,24.29133332570394,0.0
2022-03-14,103.01000213623047,24.700000762939453,76.75370025634766,1959.5999755859375,27.095714024135045,24.368666648864746,0.0
2022-03-15,96.44000244140625,23.729999542236328,76.49009704589844,1928.5,26.869999749319895,24.36766668955485,-0.05780663668688468
2022-03-16,95.04000091552734,25.540000915527344,76.26589965820312,1908.0,26.427142551967076,24.334333356221517,-0.06378021122779332
2022-03-17,102.9800033569336,26.040000915527344,76.02420043945312,1942.0999755859375,26.098571232387,24.42633336385091,-0.014516813463681721
2022-03-18,104.69999694824219,26.350000381469727,75.98159790039062,1928.199951171875,25.87999997820173,24.53900006612142,0.08354379592718453
2022-03-19,104.69999694824219,26.350000381469727,75.98159790039062,1928.199951171875,25.780000141688756,24.678333409627278,0.01670220950903456
2022-03-20,104.69999694824219,26.350000381469727,75.98159790039062,1928.199951171875,25.68000030517578,24.77233339945475,0.0
2022-03-21,112.12000274658203,25.760000228881836,75.94640350341797,1928.5999755859375,25.580000468662806,24.8650000890096,0.0
2022-03-22,111.76000213623047,25.049999237060547,76.30709838867188,1920.699951171875,25.731428963797434,24.938000106811522,0.07086920739842895
2022-03-23,114.93000030517578,25.950000762939453,76.10189819335938,1936.5999755859375,25.920000348772323,24.987333424886067,-0.0032108508877336517
2022-03-24,112.33999633789062,24.8799991607666,76.55239868164062,1961.5999755859375,25.97857175554548,25.06666679382324,0.028364335257270445
2022-03-25,113.9000015258789,24.389999389648438,76.32350158691406,1953.800048828125,25.812857219151088,25.100666745503744,-0.022535490824048265
2022-03-26,113.9000015258789,24.389999389648438,76.32350158691406,1953.800048828125,25.53285707746233,25.082333374023438,0.01388646287023354
2022-03-27,113.9000015258789,24.389999389648438,76.32350158691406,1953.800048828125,25.252856935773575,25.14133332570394,0.0
2022-03-28,105.95999908447266,23.770000457763672,76.27850341796875,1939.5999755859375,24.972856794084823,25.200666618347167,0.0
2022-03-29,104.23999786376953,24.260000228881836,76.03410339355469,1912.0,24.68857111249651,25.23933327992757,-0.06971029266933082
2022-03-30,107.81999969482422,25.010000228881836,75.66670227050781,1933.5,24.575714111328125,25.294333267211915,-0.01623255224202025
2022-03-31,100.27999877929688,24.18000030517578,75.82779693603516,1949.199951171875,24.441428320748464,25.413666598002116,0.034343840218928
2022-04-01,99.2699966430664,23.959999084472656,75.9092025756836,1919.0999755859375,24.34142848423549,25.42366663614909,-0.06993137578249586
2022-04-02,99.2699966430664,23.959999084472656,75.9092025756836,1919.0999755859375,24.27999986921038,25.433333269755046,-0.010071820388164898
2022-04-03,99.2699966430664,23.959999084472656,75.9092025756836,1919.0999755859375,24.218571254185267,25.445999908447266,0.0
2022-04-04,103.27999877929688,22.399999618530273,75.99479675292969,1929.199951171875,24.157142639160156,25.41466655731201,0.0
2022-04-05,101.95999908447266,21.770000457763672,75.47799682617188,1922.9000244140625,23.961428233555385,25.331333223978678,0.04039490552869429
2022-04-06,96.2300033569336,20.6200008392334,75.45069885253906,1918.4000244140625,23.605713980538503,25.226999918619793,-0.012780787281426842
2022-04-07,96.02999877929688,21.65999984741211,75.94509887695312,1933.800048828125,22.97857121058873,25.038333257039387,-0.05619846782061888
2022-04-08,98.26000213623047,22.450000762939453,75.91320037841797,1941.5999755859375,22.61857114519392,24.865999921162924,-0.0020784014409193086
2022-04-09,98.26000213623047,22.450000762939453,75.91320037841797,1941.5999755859375,22.402857099260604,24.68633327484131,0.023221945072172234
2022-04-10,98.26000213623047,22.450000762939453,75.91320037841797,1941.5999755859375,22.187143053327286,24.515666643778484,0.0
2022-04-11,94.29000091552734,21.0,75.91729736328125,1944.300048828125,21.971429007393972,24.36233336130778,0.0
2022-04-12,100.5999984741211,21.280000686645508,75.83699798583984,1972.0999755859375,21.77142906188965,24.160666720072427,-0.04040302396084827
2022-04-13,104.25,21.239999771118164,76.1498031616211,1981.0,21.701429094587052,23.968333435058593,0.06692117400917996
2022-04-14,106.94999694824219,22.15999984741211,76.12169647216797,1970.9000244140625,21.790000370570592,23.85300006866455,0.03628232188112657
2022-04-15,106.94999694824219,22.15999984741211,76.30879974365234,1970.9000244140625,21.86142894199916,23.800666745503744,0.02589925130208326
2022-04-16,106.94999694824219,22.15999984741211,76.30879974365234,1970.9000244140625,21.82000023978097,23.688000043233234,0.0
2022-04-17,106.94999694824219,22.15999984741211,76.30879974365234,1970.9000244140625,21.77857153756278,23.55866667429606,0.0
2022-04-18,108.20999908447266,22.219999313354492,76.3313980102539,1982.9000244140625,21.73714283534459,23.418999989827473,0.0
2022-04-19,102.55999755859375,21.229999542236328,76.28019714355469,1955.699951171875,21.911428451538086,23.281333287556965,0.011781226481383023
2022-04-20,102.75,20.290000915527344,76.44539642333984,1952.300048828125,21.904285430908203,23.11066659291585,-0.05221330351798925
2022-04-21,103.79000091552734,21.739999771118164,76.27619934082031,1944.9000244140625,21.768571308680944,22.928333282470703,0.0018525979517276525
2022-04-22,102.06999969482422,22.309999465942383,76.28520202636719,1931.0,21.70857129778181,22.81799996693929,0.01012166341145826
2022-04-23,102.06999969482422,22.309999465942383,76.28520202636719,1931.0,21.729999814714706,22.696666590372722,-0.016571935692562545
2022-04-24,102.06999969482422,22.309999465942383,76.28520202636719,1931.0,21.7514283316476,22.61099993387858,0.0
2022-04-25,98.54000091552734,20.920000076293945,76.4635009765625,1893.199951171875,21.772856848580496,22.54166660308838,0.0
2022-04-26,101.69999694824219,20.739999771118164,76.52780151367188,1901.4000244140625,21.58714267185756,22.425999959309895,-0.03458409708877341
2022-04-27,102.0199966430664,21.549999237060547,76.79409790039062,1885.9000244140625,21.517142704554967,22.304333305358888,0.03206815509798622
2022-04-28,105.36000061035156,21.010000228881836,76.47219848632812,1888.699951171875,21.697142464773997,22.230333264668783,0.00314650643487302
2022-04-29,104.69000244140625,21.479999542236328,76.58899688720703,1909.300048828125,21.592856815883092,22.12199993133545,0.03273871865503697
2022-04-30,104.69000244140625,21.479999542236328,76.58899688720703,1909.300048828125,21.4742853982108,22.0043332417806,-0.006359132166514847
2022-05-01,104.69000244140625,21.479999542236328,76.58899688720703,1909.300048828125,21.355713980538503,21.914333216349284,0.0
2022-05-02,105.16999816894531,21.489999771118164,76.52310180664062,1861.800048828125,21.23714256286621,21.831666564941408,0.0
2022-05-03,102.41000366210938,22.1200008392334,76.52410125732422,1868.800048828125,21.318571090698242,21.749333254496257,0.004584924217646336
2022-05-04,107.80999755859375,23.290000915527344,76.46730041503906,1867.0,21.51571410042899,21.687999979654947,-0.026243173479971738
2022-05-05,108.26000213623047,23.690000534057617,76.00160217285156,1874.0,21.764285768781388,21.71766668955485,0.052729164177174104
2022-05-06,109.7699966430664,23.75,76.54180145263672,1881.199951171875,22.147142955235072,21.781666692097982,0.004174052386858973
2022-05-07,109.7699966430664,23.75,76.54180145263672,1881.199951171875,22.471428734915598,21.885999997456867,0.013947852180307585
2022-05-08,109.7699966430664,23.75,76.54180145263672,1881.199951171875,22.79571451459612,21.955666669209798,0.0
2022-05-09,103.08999633789062,23.8799991607666,76.9574966430664,1857.0999755859375,23.120000294276647,21.998999977111815,0.0
2022-05-10,99.76000213623047,23.389999389648438,77.3655014038086,1839.9000244140625,23.461428778512136,22.04666659037272,-0.060854518624946285
2022-05-11,105.70999908447266,23.899999618530273,77.27140045166016,1852.5999755859375,23.642857142857142,22.077999877929688,-0.03230181705260393
2022-05-12,106.12999725341797,23.190000534057617,77.41840362548828,1823.800048828125,23.729999814714706,22.174666531880696,0.05964311167633074
2022-05-13,110.48999786376953,23.1200008392334,77.44380187988281,1807.4000244140625,23.658571243286133,22.2383331934611,0.003973116758895223
2022-05-14,110.48999786376953,23.1200008392334,77.44380187988281,1807.4000244140625,23.56857136317662,22.300999895731607,0.04108169907835513
2022-05-15,110.48999786376953,23.1200008392334,77.44380187988281,1807.4000244140625,23.478571483067103,22.33299992879232,0.0
2022-05-16,114.19999694824219,23.34000015258789,77.48629760742188,1813.5,23.38857160295759,22.364999961853027,0.0
2022-05-17,112.4000015258789,24.6299991607666,77.8053970336914,1818.199951171875,23.31142888750349,22.404333305358886,0.03357769170243774
2022-05-18,109.58999633789062,25.780000686645508,77.37239837646484,1815.9000244140625,23.48857171194894,22.486666615804037,-0.015761781702840816
2022-05-19,112.20999908447266,24.969999313354492,77.81999969482422,1841.199951171875,23.75714329310826,22.60533332824707,-0.02500004581709292
2022-05-20,113.2300033569336,25.420000076293945,77.42109680175781,1841.800048828125,24.011428833007812,22.72999998728434,0.023907316672444834
2022-05-21,113.2300033569336,25.420000076293945,77.42109680175781,1841.800048828125,24.34000015258789,22.900999959309896,0.009090137071412485
2022-05-22,113.2300033569336,25.420000076293945,77.42109680175781,1841.800048828125,24.66857147216797,23.023666636149088,0.0
2022-05-23,110.29000091552734,24.600000381469727,77.81839752197266,1847.800048828125,24.997142791748047,23.12733332316081,0.0
2022-05-24,109.7699966430664,23.389999389648438,77.52680206298828,1865.0999755859375,25.17714282444545,23.20366668701172,-0.02596487109638701
2022-05-25,110.33000183105469,22.969999313354492,77.47879791259766,1846.199951171875,25.0,23.239666684468588,-0.004714881386747027
2022-05-26,114.08999633789062,22.549999237060547,77.49729919433594,1847.4000244140625,24.598571232387,23.307999992370604,0.005101623440959102
2022-05-27,115.06999969482422,21.479999542236328,77.63020324707031,1851.300048828125,24.252856935773575,23.368333307902017,0.0340795290894087
2022-05-28,115.06999969482422,21.479999542236328,77.63020324707031,1851.300048828125,23.689999716622488,23.36599998474121,0.008589739577440358
2022-05-29,115.06999969482422,21.479999542236328,77.63020324707031,1851.300048828125,23.1271424974714,23.381666628519692,0.0
2022-05-30,115.06999969482422,21.479999542236328,77.69200134277344,1851.300048828125,22.564285278320312,23.381666628519692,0.0
2022-05-31,114.66999816894531,22.190000534057617,77.5208969116211,1842.699951171875,22.11857087271554,23.381666628519692,0.0
2022-06-01,115.26000213623047,21.889999389648438,77.5989990234375,1843.300048828125,21.947142464773997,23.40533332824707,-0.0034761582249043244
2022-06-02,116.87000274658203,22.0,77.58409881591797,1866.5,21.792856761387416,23.418666648864747,0.0051452339470337005
2022-06-03,118.87000274658203,22.010000228881836,77.3604965209961,1845.4000244140625,21.714285441807338,23.414666620890298,0.013968424262639223
2022-06-04,118.87000274658203,22.010000228881836,77.3604965209961,1845.4000244140625,21.78999982561384,23.37199993133545,0.017113031171366977
2022-06-05,118.87000274658203,22.010000228881836,77.3604965209961,1845.4000244140625,21.86571420942034,23.315999921162923,0.0
2022-06-06,118.5,21.459999084472656,77.69419860839844,1839.199951171875,21.941428593226842,23.25799992879232,0.0
2022-06-07,119.41000366210938,20.350000381469727,77.82099914550781,1847.5,21.93857138497489,23.181666564941406,-0.003112667098787214
2022-06-08,122.11000061035156,19.239999771118164,77.67060089111328,1851.9000244140625,21.675714220319474,23.068333244323732,0.007679355798391407
2022-06-09,121.51000213623047,19.360000610351562,77.72429656982422,1848.800048828125,21.297142846243723,22.913666598002116,0.022611145343251815
2022-06-10,120.66999816894531,19.850000381469727,77.8187026977539,1871.5,20.920000076293945,22.779333305358886,-0.004913589969061327
2022-06-11,120.66999816894531,19.850000381469727,77.8187026977539,1871.5,20.611428669520787,22.6443333307902,-0.006913043803121521
2022-06-12,120.66999816894531,19.850000381469727,77.8187026977539,1871.5,20.30285726274763,22.532999992370605,0.0
2022-06-13,120.93000030517578,19.139999389648438,78.17759704589844,1828.0,19.99428585597447,22.423999977111816,0.0
2022-06-14,118.93000030517578,19.8799991607666,78.16059875488281,1809.5,19.66285732814244,22.29133326212565,0.002154654348021534
2022-06-15,115.30999755859375,19.549999237060547,77.9854965209961,1815.300048828125,19.59571429661342,22.18333320617676,-0.01653849330152035
2022-06-16,117.58999633789062,19.690000534057617,77.90019989013672,1845.699951171875,19.63999993460519,22.056999842325848,-0.03043809583194368
2022-06-17,109.55999755859375,20.15999984741211,77.97769927978516,1835.5999755859375,19.687142780848912,21.892333221435546,0.01977277623424034
2022-06-18,109.55999755859375,20.15999984741211,77.97769927978516,1835.5999755859375,19.731428418840682,21.704999860127767,-0.06828811148376057
2022-06-19,109.55999755859375,20.15999984741211,77.97769927978516,1835.5999755859375,19.77571405683245,21.544666544596353,0.0
2022-06-20,109.55999755859375,20.15999984741211,77.9614028930664,1835.5999755859375,19.81999969482422,21.369333203633627,0.0
2022-06-21,110.6500015258789,18.290000915527344,77.93399810791016,1834.5999755859375,19.965714045933314,21.1939998626709,0.0
2022-06-22,106.19000244140625,16.790000915527344,78.13490295410156,1834.300048828125,19.738571439470565,20.956333223978678,0.009948922887682787
2022-06-23,104.2699966430664,17.579999923706055,78.19309997558594,1825.699951171875,19.34428596496582,20.695999908447266,-0.040307266362120675
2022-06-24,107.62000274658203,16.899999618530273,78.14240264892578,1826.5,19.042857306344168,20.50233325958252,-0.018080852756353072
2022-06-25,107.62000274658203,16.899999618530273,78.14240264892578,1826.5,18.57714298793248,20.299999936421713,0.0321281884661726
2022-06-26,107.62000274658203,16.899999618530273,78.14240264892578,1826.5,18.111428669520787,20.111666615804037,0.0
2022-06-27,109.56999969482422,16.3700008392334,78.2522964477539,1820.9000244140625,17.645714351109095,19.9589999516805,0.0
2022-06-28,111.76000213623047,16.030000686645508,78.44110107421875,1817.5,17.10428592136928,19.788666661580404,0.018119279859469373
2022-06-29,109.77999877929688,16.729999542236328,79.07319641113281,1813.699951171875,16.781428745814733,19.60700003306071,0.019987245117330188
2022-06-30,105.76000213623047,17.170000076293945,78.89830017089844,1804.0999755859375,16.772857121058873,19.448666699727376,-0.01771656513141484
2022-07-01,108.43000030517578,17.110000610351562,78.96299743652344,1798.9000244140625,16.714285714285715,19.281333351135252,-0.036618661757760296
2022-07-02,108.43000030517578,17.110000610351562,78.96299743652344,1798.9000244140625,16.74428585597447,19.122000058492024,0.025245821813676406
2022-07-03,108.43000030517578,17.110000610351562,78.96299743652344,1798.9000244140625,16.774285997663224,18.959000078837075,0.0
2022-07-04,108.43000030517578,17.110000610351562,78.95069885253906,1798.9000244140625,16.80428613935198,18.7956667582194,0.0
2022-07-05,99.5,15.899999618530273,78.93949890136719,1761.800048828125,16.91000039236886,18.632333437601726,0.0
2022-07-06,98.52999877929688,14.949999809265137,79.36840057373047,1734.9000244140625,16.891428811209543,18.428666750590008,-0.08235728377794271
2022-07-07,102.7300033569336,15.90999984741211,79.04389953613281,1737.9000244140625,16.6371431350708,18.211666774749755,-0.009748755986966118
2022-07-08,104.79000091552734,15.289999961853027,79.22160339355469,1740.5999755859375,16.457143102373397,18.063666756947836,0.042626658171838194
2022-07-09,104.79000091552734,15.289999961853027,79.22160339355469,1740.5999755859375,16.19714300973075,17.932000096638998,0.02005254055561867
2022-07-10,104.79000091552734,15.289999961853027,79.22160339355469,1740.5999755859375,15.9371429170881,17.796333408355714,0.0
2022-07-11,104.08999633789062,15.020000457763672,79.3313980102539,1730.0,15.677142824445452,17.64433339436849,0.0
2022-07-12,95.83999633789062,13.859999656677246,79.47779846191406,1723.300048828125,15.378571374075753,17.483333396911622,-0.0066800703456525445
2022-07-13,96.30000305175781,14.479999542236328,79.47640228271484,1734.199951171875,15.087142808096749,17.283666706085206,-0.07925833692240081
2022-07-14,95.77999877929688,15.180000305175781,79.80750274658203,1704.5,15.01999991280692,17.128333377838135,0.004799736346456029
2022-07-15,97.58999633789062,15.989999771118164,79.87830352783203,1702.4000244140625,14.915714263916016,16.97166674931844,-0.005399836510715961
2022-07-16,97.58999633789062,15.989999771118164,79.87830352783203,1702.4000244140625,15.015714236668178,16.853000100453695,0.018897448127604077
2022-07-17,97.58999633789062,15.989999771118164,79.87830352783203,1702.4000244140625,15.115714209420341,16.729666741689048,0.0
2022-07-18,102.5999984741211,15.279999732971191,79.72049713134766,1709.199951171875,15.215714182172503,16.590666739145913,0.0
2022-07-19,104.22000122070312,14.8100004196167,80.0302963256836,1710.0,15.252856935773577,16.428000068664552,0.05133725099121933
2022-07-20,102.26000213623047,14.539999961853027,79.85590362548828,1699.5,15.388571330479213,16.249666754404704,0.01578950068883911
2022-07-21,96.3499984741211,14.649999618530273,80.00340270996094,1712.699951171875,15.397142818995885,16.062333424886067,-0.018806362133138244
2022-07-22,94.69999694824219,14.600000381469727,79.7759017944336,1727.0999755859375,15.321428435189384,15.941000048319498,-0.05779389339573926
2022-07-23,94.69999694824219,14.600000381469727,79.7759017944336,1727.0999755859375,15.122857093811035,15.868000030517578,-0.017125080975710527
2022-07-24,94.69999694824219,14.600000381469727,79.7759017944336,1727.0999755859375,14.924285752432686,15.768666712443034,0.0
2022-07-25,96.69999694824219,13.279999732971191,79.87680053710938,1719.0,14.725714411054339,15.692000071207682,0.0
2022-07-26,94.9800033569336,13.470000267028809,79.72250366210938,1717.699951171875,14.440000125340053,15.571333408355713,0.02111932486220769
2022-07-27,97.26000213623047,13.3100004196167,79.84120178222656,1719.0999755859375,14.248571532113212,15.457000096638998,-0.017786904297724115
2022-07-28,96.41999816894531,12.789999961853027,79.84739685058594,1750.300048828125,14.072857311793737,15.355000082651774,0.024005039994878352
2022-07-29,98.62000274658203,12.420000076293945,79.57150268554688,1762.9000244140625,13.807143075125557,15.247000058492025,-0.008636684647699067
2022-07-30,98.62000274658203,12.420000076293945,79.57150268554688,1762.9000244140625,13.495714460100446,15.103333409627279,0.022816890887945362
2022-07-31,98.62000274658203,12.420000076293945,79.57150268554688,1762.9000244140625,13.184285845075335,14.945000076293946,0.0
2022-08-01,93.88999938964844,12.649999618530273,79.1948013305664,1769.0,12.872857230050224,14.788666725158691,0.0
2022-08-02,94.41999816894531,11.779999732971191,78.95570373535156,1771.0999755859375,12.78285721370152,14.640000025431315,-0.047961906562586476
2022-08-03,90.66000366210938,10.829999923706055,78.60449981689453,1758.0,12.541428565979004,14.462333329518636,0.005644890645886136
2022-08-04,88.54000091552734,10.819999694824219,79.11830139160156,1788.5,12.187142780848912,14.252999973297118,-0.03982201418928433
2022-08-05,89.01000213623047,11.100000381469727,79.15489959716797,1772.9000244140625,11.905714171273369,14.083666642506918,-0.02338410170909877
2022-08-06,89.01000213623047,11.100000381469727,79.15489959716797,1772.9000244140625,11.71714278629848,13.95533332824707,0.005308348947856256
2022-08-07,89.01000213623047,11.100000381469727,79.15489959716797,1772.9000244140625,11.52857140132359,13.795000012715658,0.0
2022-08-08,90.76000213623047,11.229999542236328,79.41059875488281,1786.800048828125,11.340000016348702,13.655333360036215,0.0
2022-08-09,90.5,11.5600004196167,79.60189819335938,1794.0,11.137142862592425,13.520000012715657,0.019660711807664155
2022-08-10,91.93000030517578,11.579999923706055,79.57839965820312,1795.5999755859375,11.105714389256068,13.395666694641113,-0.002864721574600715
2022-08-11,94.33999633789062,10.890000343322754,79.0978012084961,1789.699951171875,11.212857246398926,13.281000010172527,0.015801108344483783
2022-08-12,92.08999633789062,10.539999961853027,79.61399841308594,1798.5999755859375,11.222857339041573,13.18200003306071,0.026215555582665973
2022-08-13,92.08999633789062,10.539999961853027,79.61399841308594,1798.5999755859375,11.142857279096331,13.0506667137146,-0.02384990552619215
2022-08-14,92.08999633789062,10.539999961853027,79.61399841308594,1798.5999755859375,11.062857219151088,12.89600003560384,0.0
2022-08-15,89.41000366210938,9.890000343322754,79.62760162353516,1781.4000244140625,10.982857159205846,12.714333375295004,0.0
2022-08-16,86.52999877929688,9.989999771118164,79.55290222167969,1773.199951171875,10.791428702218193,12.511000061035157,-0.029101887092578438
2022-08-17,88.11000061035156,9.770000457763672,79.14600372314453,1760.300048828125,10.56714289528983,12.311000061035156,-0.03221121535456328
2022-08-18,90.5,9.420000076293945,79.35970306396484,1755.300048828125,10.308571543012347,12.12733341852824,0.0182595845758029
2022-08-19,90.7699966430664,9.3100004196167,79.7667007446289,1747.5999755859375,10.098571504865374,11.94766674041748,0.027125177313500615
2022-08-20,90.7699966430664,9.3100004196167,79.7667007446289,1747.5999755859375,9.922857284545898,11.773333422342937,0.0029833883211758394
2022-08-21,90.7699966430664,9.3100004196167,79.7667007446289,1747.5999755859375,9.747143064226423,11.595333449045818,0.0
2022-08-22,90.2300033569336,9.210000038146973,79.91790008544922,1734.0,9.571428843906947,11.41900011698405,0.0
2022-08-23,93.73999786376953,8.699999809265137,79.88379669189453,1746.800048828125,9.47428594316755,11.239333438873292,-0.005949028380558663
2022-08-24,94.88999938964844,8.550000190734863,79.85449981689453,1747.800048828125,9.290000234331403,11.042666753133139,0.03890052506094932
2022-08-25,92.5199966430664,7.96999979019165,79.79679870605469,1757.699951171875,9.115714481898717,10.885000101725261,0.012267991808045275
2022-08-26,93.05999755859375,7.920000076293945,79.88289642333984,1736.0999755859375,8.908571583884102,10.701666752497355,-0.02497631743941786
2022-08-27,93.05999755859375,7.920000076293945,79.88289642333984,1736.0999755859375,8.710000106266566,10.522000074386597,0.005836585982710529
2022-08-28,93.05999755859375,7.920000076293945,79.88289642333984,1736.0999755859375,8.51142862864903,10.35966674486796,0.0
2022-08-29,97.01000213623047,7.860000133514404,79.95909881591797,1736.5999755859375,8.312857151031494,10.209666744867961,0.0
2022-08-30,91.63999938964844,7.199999809265137,79.96790313720703,1723.199951171875,8.12000002179827,10.05766674677531,0.042445784238815065
2022-08-31,89.55000305175781,7.840000152587891,79.68229675292969,1712.800048828125,7.9057143075125555,9.883666737874348,-0.05535514512246864
2022-09-01,86.61000061035156,8.729999542236328,79.54879760742188,1696.5999755859375,7.804285730634417,9.723333422342936,-0.022806594847344708
2022-09-02,86.87000274658203,8.779999732971191,79.716796875,1709.800048828125,7.912857123783657,9.621666749318441,-0.03283084691473426
2022-09-03,86.87000274658203,8.779999732971191,79.716796875,1709.800048828125,8.035714217594691,9.553333409627278,0.0030019874656297407
2022-09-04,86.87000274658203,8.779999732971191,79.716796875,1709.800048828125,8.158571311405726,9.485333410898845,0.0
2022-09-05,86.87000274658203,8.779999732971191,79.72450256347656,1709.800048828125,8.281428405216761,9.408000055948893,0.0
2022-09-06,86.87999725341797,7.989999771118164,79.78299713134766,1700.4000244140625,8.412856919424874,9.330666700998941,0.0
2022-09-07,81.94000244140625,8.25,79.89510345458984,1715.300048828125,8.52571405683245,9.227000013987224,0.00011505130102373862
2022-09-08,83.54000091552734,8.779999732971191,79.6498031616211,1708.0,8.584285463605609,9.127666695912678,-0.056859978915542286
2022-09-09,86.79000091552734,8.630000114440918,79.706298828125,1716.199951171875,8.591428347996303,9.035000006357828,0.019526463588589893
2022-09-10,86.79000091552734,8.630000114440918,79.706298828125,1716.199951171875,8.569999831063408,8.936666679382324,0.03890351884585552
2022-09-11,86.79000091552734,8.630000114440918,79.706298828125,1716.199951171875,8.54857131413051,8.861333338419596,0.0
2022-09-12,87.77999877929688,9.550000190734863,79.65579986572266,1728.0999755859375,8.527142797197614,8.797666676839192,0.0
2022-09-13,87.30999755859375,9.75,79.35530090332031,1705.0,8.637142862592425,8.764666684468587,0.011406819372350219
2022-09-14,88.4800033569336,9.390000343322754,79.60240173339844,1696.5,8.888571466718401,8.73833335240682,-0.005354308808830588
2022-09-15,85.0999984741211,9.140000343322754,79.45369720458984,1665.4000244140625,9.051428658621651,8.721666685740153,0.013400593643982717
2022-09-16,85.11000061035156,9.069999694824219,79.8490982055664,1671.699951171875,9.102857317243304,8.693333371480305,-0.03820077706346103
2022-09-17,85.11000061035156,9.069999694824219,79.8490982055664,1671.699951171875,9.165714400155204,8.670000012715658,0.00011753391785918055
2022-09-18,85.11000061035156,9.069999694824219,79.8490982055664,1671.699951171875,9.228571483067103,8.658333333333333,0.0
2022-09-19,85.7300033569336,9.180000305175781,79.68949890136719,1666.199951171875,9.291428565979004,8.650333309173584,0.0
2022-09-20,84.44999694824219,10.25,79.7074966430664,1659.699951171875,9.238571439470563,8.645999972025553,0.007284722619384176
2022-09-21,82.94000244140625,10.050000190734863,79.76270294189453,1664.5999755859375,9.310000010899135,8.677333291371664,-0.014930670227109921
2022-09-22,83.48999786376953,9.9399995803833,80.05069732666016,1670.800048828125,9.404285703386579,8.705333296457926,-0.017880338204883328
2022-09-23,78.73999786376953,10.270000457763672,81.06220245361328,1645.300048828125,9.518571308680944,8.746666622161865,0.006631244347404364
2022-09-24,78.73999786376953,10.270000457763672,81.06220245361328,1645.300048828125,9.689999989100865,8.803999964396159,-0.0568930425384675
2022-09-25,78.73999786376953,10.270000457763672,81.06220245361328,1645.300048828125,9.861428669520787,8.880666653315226,0.0
2022-09-26,76.70999908447266,10.050000190734863,81.25479888916016,1623.300048828125,10.03285734994071,8.958999999364217,0.0
2022-09-27,78.5,10.390000343322754,81.61579895019531,1626.699951171875,10.157143047877721,9.030000003178914,-0.025781036758586673
2022-09-28,82.1500015258789,9.579999923706055,81.72460174560547,1660.4000244140625,10.177143096923828,9.112333345413209,0.023334649157747966
2022-09-29,81.2300033569336,8.960000038146973,81.42870330810547,1658.5,10.110000201633998,9.16966667175293,0.046496834724572
2022-09-30,79.48999786376953,9.039999961853027,81.48059844970703,1662.4000244140625,9.970000267028809,9.228333346048991,-0.01119900367446125
2022-10-01,79.48999786376953,9.039999961853027,81.48059844970703,1662.4000244140625,9.794285910470146,9.268333339691162,-0.021420724132169333
2022-10-02,79.48999786376953,9.039999961853027,81.48059844970703,1662.4000244140625,9.618571553911481,9.278666687011718,0.0
2022-10-03,83.62999725341797,9.140000343322754,81.52130126953125,1692.9000244140625,9.442857197352819,9.28733336130778,0.0
2022-10-04,86.5199966430664,10.350000381469727,81.49500274658203,1721.0999755859375,9.312857219151088,9.299333381652833,0.052082016617280624
2022-10-05,87.76000213623047,10.100000381469727,81.46549987792969,1711.4000244140625,9.30714293888637,9.351666736602784,0.034556970997991154
2022-10-06,88.44999694824219,9.6899995803833,81.6488037109375,1711.699951171875,9.381428718566895,9.3956667582194,0.014332010416963303
2022-10-07,92.63999938964844,9.699999809265137,82.3489990234375,1700.5,9.485714367457799,9.452333418528239,0.007862292561714224
2022-10-08,92.63999938964844,9.699999809265137,82.3489990234375,1700.5,9.580000059945244,9.500666745503743,0.04737142550562323
2022-10-09,92.63999938964844,9.699999809265137,82.3489990234375,1700.5,9.674285752432686,9.531333414713542,0.0
2022-10-10,91.12999725341797,9.199999809265137,82.8322982788086,1667.300048828125,9.76857144492013,9.567000071207682,0.0
2022-10-11,89.3499984741211,9.34000015258789,82.42070007324219,1678.699951171875,9.777142797197614,9.586000061035156,-0.016299677743728425
2022-10-12,87.2699966430664,9.09000015258789,82.2739028930664,1670.300048828125,9.632857050214495,9.609666728973389,-0.019532523131181256
2022-10-13,89.11000061035156,8.6899995803833,82.19999694824219,1670.0,9.488571303231376,9.594333394368489,-0.0232792598385676
2022-10-14,85.61000061035156,9.210000038146973,82.19210052490234,1641.699951171875,9.345714160374232,9.559000047047933,0.021084038479006306
2022-10-15,85.61000061035156,9.210000038146973,82.19210052490234,1641.699951171875,9.275714193071638,9.553000036875407,-0.0392772974528901
2022-10-16,85.61000061035156,9.210000038146973,82.19210052490234,1641.699951171875,9.205714225769043,9.555333360036213,0.0
2022-10-17,85.45999908447266,8.829999923706055,82.41280364990234,1657.0,9.135714258466448,9.560000038146972,0.0
2022-10-18,82.81999969482422,9.1899995803833,82.1947021484375,1649.0,9.082857131958008,9.552000045776367,-0.0017521495714224455
2022-10-19,85.55000305175781,8.949999809265137,82.2863998413086,1627.5,9.061428478785924,9.55600004196167,-0.03089163840311937
2022-10-20,85.9800033569336,8.710000038146973,82.99700164794922,1630.800048828125,9.041428429739815,9.548333358764648,0.03296309305714962
2022-10-21,85.05000305175781,8.8100004196167,82.82569885253906,1651.0,9.044285637991768,9.497000026702882,0.005026303797039278
2022-10-22,85.05000305175781,8.8100004196167,82.82569885253906,1651.0,8.987142835344587,9.455666700998941,-0.010816472073338024
2022-10-23,85.05000305175781,8.8100004196167,82.82569885253906,1651.0,8.930000032697405,9.418000062306723,0.0
2022-10-24,84.58000183105469,8.479999542236328,82.54129791259766,1648.699951171875,8.872857230050224,9.369333394368489,0.0
2022-10-25,85.31999969482422,8.350000381469727,82.7614974975586,1652.800048828125,8.822857175554548,9.309666697184245,-0.0055261752361972505
2022-10-26,87.91000366210938,8.09000015258789,82.44529724121094,1664.0,8.702857289995466,9.245666694641113,0.008749087819218238
2022-10-27,89.08000183105469,7.75,82.04959869384766,1660.699951171875,8.58000019618443,9.180333360036213,0.03035635228022948
2022-10-28,87.9000015258789,7.710000038146973,82.44249725341797,1639.5999755859375,8.442857333592006,9.092333348592122,0.013309044707156659
2022-10-29,87.9000015258789,7.710000038146973,82.44249725341797,1639.5999755859375,8.285714421953474,9.030000019073487,-0.013246523135616028
2022-10-30,87.9000015258789,7.710000038146973,82.44249725341797,1639.5999755859375,8.128571510314941,8.98833335240682,0.0
2022-10-31,86.52999877929688,7.099999904632568,82.23919677734375,1635.9000244140625,7.971428598676409,8.944000021616619,0.0
2022-11-01,88.37000274658203,7.409999847412109,82.72899627685547,1645.0,7.774285793304443,8.879333353042602,-0.015585924036402687
2022-11-02,90.0,7.670000076293945,82.68450164794922,1645.699951171875,7.640000002724784,8.825000015894572,0.02126434754700801
2022-11-03,88.16999816894531,7.369999885559082,82.88839721679688,1627.300048828125,7.579999991825649,8.77600000699361,0.0184451420477183
2022-11-04,92.61000061035156,7.71999979019165,82.68180084228516,1672.5,7.525714261191232,8.676666657129923,-0.020333353678385402
2022-11-05,92.61000061035156,7.71999979019165,82.68180084228516,1672.5,7.527142797197614,8.597333304087321,0.05035729311118531
2022-11-06,92.61000061035156,7.71999979019165,82.68180084228516,1672.5,7.528571333203997,8.531666644414265,0.0
2022-11-07,91.79000091552734,7.570000171661377,81.9749984741211,1676.5,7.529999869210379,8.465666643778484,0.0
2022-11-08,88.91000366210938,7.699999809265137,81.82599639892578,1712.0999755859375,7.59714276450021,8.394666655858357,-0.008854332031313694
2022-11-09,85.83000183105469,7.900000095367432,81.40519714355469,1710.0999755859375,7.6385713304792136,8.32799998919169,-0.03137593664552174
2022-11-10,86.47000122070312,7.889999866485596,81.34380340576172,1750.300048828125,7.6714284760611395,8.2846666653951,-0.034641791746627515
2022-11-11,88.95999908447266,8.199999809265137,80.48290252685547,1766.0,7.74571418762207,8.236333322525024,0.0074565929860772595
2022-11-12,88.95999908447266,8.199999809265137,80.48290252685547,1766.0,7.814285618918283,8.206666644414266,0.028796089147890003
2022-11-13,88.95999908447266,8.199999809265137,80.48290252685547,1766.0,7.882857050214495,8.190333318710326,0.0
2022-11-14,85.87000274658203,8.199999809265137,80.49700164794922,1773.5999755859375,7.951428481510708,8.156666644414265,0.0
2022-11-15,86.91999816894531,7.710000038146973,80.99199676513672,1773.800048828125,8.041428429739815,8.122999970118205,-0.03473467142188813
2022-11-16,85.58999633789062,7.349999904632568,81.07140350341797,1773.0,8.042857033865792,8.072999970118206,0.012227732488398813
2022-11-17,81.63999938964844,7.190000057220459,81.49530029296875,1760.800048828125,7.9642855780465265,8.02366663614909,-0.015301447987488226
2022-11-18,80.08000183105469,7.090000152587891,81.52490234375,1751.9000244140625,7.864285605294364,7.956999985376994,-0.04615021751664128
2022-11-19,80.08000183105469,7.090000152587891,81.52490234375,1751.9000244140625,7.705714225769043,7.8949999968210856,-0.019108250493097723
2022-11-20,80.08000183105469,7.090000152587891,81.52490234375,1751.9000244140625,7.547142846243722,7.841000000635783,0.0
2022-11-21,79.7300033569336,7.369999885559082,81.5198974609375,1737.4000244140625,7.3885714667184015,7.783666658401489,0.0
2022-11-22,80.94999694824219,7.070000171661377,81.72769927978516,1738.300048828125,7.270000049046108,7.735666640599569,-0.004370610216262061
2022-11-23,77.94000244140625,7.380000114440918,81.71499633789062,1744.9000244140625,7.178571496691022,7.677666632334391,0.015301562021099446
2022-11-24,77.94000244140625,7.380000114440918,81.63289642333984,1744.9000244140625,7.1828572409493585,7.640999984741211,-0.03718338011501676
2022-11-25,76.27999877929688,7.820000171661377,81.65540313720703,1753.300048828125,7.210000106266567,7.608666642506917,0.0
2022-11-26,76.27999877929688,7.820000171661377,81.65540313720703,1753.300048828125,7.314285823277065,7.5996666431427,-0.021298481012460013
2022-11-27,76.27999877929688,7.820000171661377,81.65540313720703,1753.300048828125,7.418571540287563,7.6019999821980795,0.0
2022-11-28,77.23999786376953,7.659999847412109,81.6697006225586,1740.0999755859375,7.522857257298061,7.605666653315226,0.0
2022-11-29,78.19999694824219,7.539999961853027,81.65029907226562,1748.4000244140625,7.564285823277065,7.603999980290731,0.012585200574664945
2022-11-30,80.55000305175781,7.860000133514404,81.63089752197266,1746.0,7.6314286504473,7.598333311080933,0.012428781862032556
2022-12-01,81.22000122070312,7.710000038146973,81.3052978515625,1801.0999755859375,7.700000081743513,7.623666652043661,0.030051230117962957
2022-12-02,79.9800033569336,7.699999809265137,81.16220092773438,1795.9000244140625,7.747142927987235,7.63366665840149,0.008317791974691735
2022-12-03,79.9800033569336,7.699999809265137,81.16220092773438,1795.9000244140625,7.730000019073486,7.634666649500529,-0.015267149041281347
2022-12-04,79.9800033569336,7.699999809265137,81.16220092773438,1795.9000244140625,7.712857110159738,7.645666646957397,0.0
2022-12-05,76.93000030517578,7.96999979019165,81.42250061035156,1767.4000244140625,7.695714201245989,7.644999980926514,0.0
2022-12-06,74.25,8.4399995803833,81.89900207519531,1769.300048828125,7.739999907357352,7.653333314259847,-0.03813457018932975
2022-12-07,72.01000213623047,8.399999618530273,82.37220001220703,1785.5,7.8685712814331055,7.6773333072662355,-0.03483686851091139
2022-12-08,71.45999908447266,9.010000228881836,82.25350189208984,1788.699951171875,7.945714065006801,7.7049999554951984,-0.03016832139756942
2022-12-09,71.0199966430664,9.1899995803833,82.2791976928711,1798.0999755859375,8.131428377968925,7.748666636149088,-0.007637870232489408
2022-12-10,71.0199966430664,9.1899995803833,82.2791976928711,1798.0999755859375,8.344285488128662,7.79166661898295,-0.006157325035592631
2022-12-11,71.0199966430664,9.1899995803833,82.2791976928711,1798.0999755859375,8.557142598288399,7.834999942779541,0.0
2022-12-12,73.16999816894531,8.739999771118164,82.41300201416016,1780.5,8.769999708448138,7.867999935150147,0.0
2022-12-13,75.38999938964844,9.289999961853027,82.64469909667969,1813.9000244140625,8.879999705723353,7.885999933878581,0.030273185405575553
2022-12-14,77.27999877929688,9.819999694824219,82.40249633789062,1807.5,9.0014283316476,7.922333272298177,0.030340320845399837
2022-12-15,76.11000061035156,9.760000228881836,82.50800323486328,1777.199951171875,9.204285485403878,7.97633326848348,0.025069629990048137
2022-12-16,74.29000091552734,9.029999732971191,82.85790252685547,1790.0,9.311428342546735,8.044666608174643,-0.015139728098167993
2022-12-17,74.29000091552734,9.029999732971191,82.85790252685547,1790.0,9.288571221487862,8.100666602452597,-0.02391275364904788
2022-12-18,74.29000091552734,9.029999732971191,82.85790252685547,1790.0,9.26571410042899,8.16199992497762,0.0
2022-12-19,75.19000244140625,8.850000381469727,82.72599792480469,1787.699951171875,9.242856979370117,8.226666577657063,0.0
2022-12-20,76.08999633789062,9.979999542236328,82.58190155029297,1815.9000244140625,9.258571352277484,8.285333251953125,0.012114706081404858
2022-12-21,78.29000091552734,9.979999542236328,82.63690185546875,1815.9000244140625,9.357142720903669,8.381666564941407,0.011969595255509224
2022-12-22,77.48999786376953,9.739999771118164,82.87860107421875,1787.0,9.379999841962542,8.468666553497314,0.028913190741490125
2022-12-23,79.55999755859375,9.460000038146973,82.8749008178711,1795.9000244140625,9.377142633710589,8.557666540145874,-0.010218457560384864
2022-12-24,79.55999755859375,9.460000038146973,82.8749008178711,1795.9000244140625,9.4385712487357,8.626999870936077,0.026713121072262203
2022-12-25,79.55999755859375,9.460000038146973,82.8749008178711,1795.9000244140625,9.499999863760811,8.696333201726278,0.0
2022-12-26,79.55999755859375,9.460000038146973,82.6041030883789,1795.9000244140625,9.561428478785924,8.750999863942464,0.0
2022-12-27,79.52999877929688,9.5,82.90290069580078,1814.800048828125,9.648571286882673,8.805666526158651,0.0
2022-12-28,78.95999908447266,9.449999809265137,82.7761001586914,1807.9000244140625,9.579999923706055,8.861666520436605,-0.0003770585748796851
2022-12-29,78.4000015258789,9.399999618530273,82.85199737548828,1819.5,9.50428567613874,8.921333185831706,-0.007167103024935506
2022-12-30,80.26000213623047,9.1899995803833,82.83509826660156,1819.699951171875,9.455714225769043,8.983333174387614,-0.007092167744260691
2022-12-31,80.26000213623047,9.1899995803833,82.83509826660156,1819.699951171875,9.417142731802803,9.027666489283243,0.02372449711927116
2023-01-01,80.26000213623047,9.1899995803833,82.83509826660156,1819.699951171875,9.378571237836566,9.076999807357788,0.0
2023-01-02,80.26000213623047,9.1899995803833,82.74980163574219,1819.699951171875,9.339999743870326,9.12666646639506,0.0
2023-01-03,76.93000030517578,8.819999694824219,82.70600128173828,1839.699951171875,9.301428249904088,9.176333125432333,0.0
2023-01-04,72.83999633789062,9.25,82.78569793701172,1852.800048828125,9.20428534916469,9.21366645495097,-0.04149017869950289
2023-01-05,73.66999816894531,9.510000228881836,82.66649627685547,1834.800048828125,9.1757139478411,9.256333128611248,-0.05316526648980113
2023-01-06,73.7699966430664,10.039999961853027,82.64520263671875,1864.199951171875,9.191428320748466,9.291999816894531,0.01139486371202536
2023-01-07,73.7699966430664,10.039999961853027,82.64520263671875,1864.199951171875,9.312856946672712,9.34666649500529,0.0013573839637102125
2023-01-08,73.7699966430664,10.039999961853027,82.64520263671875,1864.199951171875,9.43428557259696,9.380999819437664,0.0
2023-01-09,74.62999725341797,9.739999771118164,82.27339935302734,1872.699951171875,9.555714198521205,9.409333165486654,0.0
2023-01-10,75.12000274658203,9.119999885559082,82.18009948730469,1871.5999755859375,9.634285654340472,9.427666505177816,0.011657864301019893
2023-01-11,77.41000366210938,8.979999542236328,81.63739776611328,1874.5999755859375,9.677142824445452,9.425333182017008,0.0065657980865276855
2023-01-12,78.38999938964844,9.09000015258789,81.63179779052734,1895.5,9.638571330479213,9.433333174387615,0.030484569113404802
2023-01-13,79.86000061035156,9.359999656677246,81.1156005859375,1918.4000244140625,9.578571319580078,9.426666514078777,0.01265980727525462
2023-01-14,79.86000061035156,9.359999656677246,81.1156005859375,1918.4000244140625,9.48142841884068,9.411333179473877,0.018752407604907262
2023-01-15,79.86000061035156,9.359999656677246,81.1156005859375,1918.4000244140625,9.384285518101283,9.397999827067057,0.0
2023-01-16,79.86000061035156,9.359999656677246,81.27799987792969,1918.4000244140625,9.287142617361885,9.408999824523926,0.0
2023-01-17,80.18000030517578,9.40999984741211,81.65260314941406,1907.199951171875,9.23285688672747,9.419999821980793,0.0
2023-01-18,79.4800033569336,8.9399995803833,81.52549743652344,1904.4000244140625,9.274285452706474,9.432666492462157,0.004007008419465663
2023-01-19,80.33000183105469,8.774999618530273,81.43599700927734,1922.0999755859375,9.268571172441755,9.435666465759278,-0.008730318602867326
2023-01-20,81.30999755859375,8.949999809265137,81.23979949951172,1926.4000244140625,9.22357109614781,9.395499801635742,0.010694494693261003
2023-01-21,81.30999755859375,8.949999809265137,81.23979949951172,1926.4000244140625,9.164999689374651,9.36116647720337,0.012199622870669558
2023-01-22,81.30999755859375,8.949999809265137,81.23979949951172,1926.4000244140625,9.106428282601494,9.334833145141602,0.0
2023-01-23,81.62000274658203,8.640000343322754,80.97599792480469,1927.0999755859375,9.047856875828334,9.317833137512206,0.0
2023-01-24,80.12999725341797,8.4399995803833,81.48799896240234,1933.9000244140625,8.944999831063408,9.2904998143514,0.0038126330992063195
2023-01-25,80.1500015258789,8.449999809265137,81.60189819335938,1941.199951171875,8.806428364345006,9.25649979909261,-0.018255396263466284
2023-01-26,81.01000213623047,8.119999885559082,81.50270080566406,1929.0999755859375,8.736428397042411,9.22283312479655,0.0002496477367603944
2023-01-27,79.68000030517578,8.270000457763672,81.44509887695312,1928.5999755859375,8.642857006617955,9.176833120981852,0.010729888883082461
2023-01-28,79.68000030517578,8.270000457763672,81.44509887695312,1928.5999755859375,8.545714242117745,9.137499809265137,-0.016417748376528762
2023-01-29,79.68000030517578,8.270000457763672,81.44509887695312,1928.5999755859375,8.448571477617536,9.099833170572916,0.0
2023-01-30,77.9000015258789,8.0,81.50800323486328,1922.9000244140625,8.351428713117327,9.069166533152263,0.0
2023-01-31,78.87000274658203,7.800000190734863,81.57990264892578,1929.5,8.260000092642647,9.02949988047282,-0.022339342024089492
2023-02-01,76.41000366210938,7.53000020980835,81.76840209960938,1927.800048828125,8.168571608407158,8.983166567484538,0.012451876786945704
2023-02-02,75.87999725341797,7.309999942779541,81.71029663085938,1916.300048828125,8.037143094199044,8.92783325513204,-0.031190554061179654
2023-02-03,73.38999938964844,7.110000133514404,82.0458984375,1862.9000244140625,7.92142881665911,8.877499930063884,-0.0069363484267731534
2023-02-04,73.38999938964844,7.110000133514404,82.0458984375,1862.9000244140625,7.755714484623501,8.80616660118103,-0.03281494404188812
2023-02-05,73.38999938964844,7.110000133514404,82.0458984375,1862.9000244140625,7.590000152587891,8.726166598002116,0.0
2023-02-06,74.11000061035156,6.800000190734863,82.22599792480469,1866.199951171875,7.424285820552281,8.628499937057494,0.0
2023-02-07,77.13999938964844,7.159999847412109,82.75499725341797,1871.699951171875,7.2528572763715475,8.52049994468689,0.009810617613994488
2023-02-08,78.47000122070312,7.619999885559082,82.74189758300781,1877.4000244140625,7.161428655896868,8.424499940872192,0.04088515388399072
2023-02-09,78.05999755859375,7.119999885559082,82.65950012207031,1866.199951171875,7.174285752432687,8.353833278020224,0.017241403183536397
2023-02-10,79.72000122070312,7.230000019073486,82.533203125,1862.800048828125,7.1471428871154785,8.287166611353557,-0.005224973311217407
2023-02-11,79.72000122070312,7.230000019073486,82.533203125,1862.800048828125,7.1642857279096335,8.228833293914795,0.021265740635763253
2023-02-12,79.72000122070312,7.230000019073486,82.533203125,1862.800048828125,7.1814285687037875,8.166833289464314,0.0
2023-02-13,80.13999938964844,7.0,82.51300048828125,1851.9000244140625,7.1985714094979425,8.09583330154419,0.0
2023-02-14,79.05999755859375,6.730000019073486,82.59739685058594,1854.0,7.227142810821533,8.017166646321614,0.005268416489138783
2023-02-15,78.58999633789062,6.53000020980835,82.86759948730469,1834.199951171875,7.165714263916016,7.929499991734823,-0.013476439222361525
2023-02-16,78.48999786376953,6.75,82.73770141601562,1842.0,7.010000024523054,7.835166676839193,-0.005944867634922413
2023-02-17,76.33999633789062,6.599999904632568,82.69529724121094,1840.4000244140625,6.957142898014614,7.746500015258789,-0.001272407160971989
2023-02-18,76.33999633789062,6.599999904632568,82.69529724121094,1840.4000244140625,6.867142881665911,7.668500026067098,-0.02739204464765732
2023-02-19,76.33999633789062,6.599999904632568,82.69529724121094,1840.4000244140625,6.7771428653172086,7.596000035603841,0.0
2023-02-20,76.33999633789062,6.599999904632568,82.75800323486328,1840.4000244140625,6.687142848968506,7.517666705449423,0.0
2023-02-21,76.16000366210938,7.059999942779541,82.69750213623047,1833.0,6.62999997820173,7.4393333752950035,0.0
2023-02-22,73.94999694824219,7.289999961853027,82.86119842529297,1832.0,6.677142824445452,7.376333379745484,-0.002357776845895776
2023-02-23,75.38999938964844,7.960000038146973,82.83529663085938,1818.0,6.785714217594692,7.331333367029826,-0.029017943902314935
2023-02-24,76.31999969482422,7.949999809265137,82.6178970336914,1808.800048828125,6.958571365901402,7.315333382288615,0.01947265045073787
2023-02-25,76.31999969482422,7.949999809265137,82.6178970336914,1808.800048828125,7.151428495134626,7.298666715621948,0.01233585770931156
2023-02-26,76.31999969482422,7.949999809265137,82.6178970336914,1808.800048828125,7.34428562436785,7.29300004641215,0.0
2023-02-27,75.68000030517578,8.149999618530273,82.91799926757812,1817.0,7.537142753601074,7.282333358128866,0.0
2023-02-28,77.05000305175781,9.050000190734863,82.6520004272461,1828.9000244140625,7.758571284157889,7.278333330154419,-0.008385736271063426
2023-03-01,77.69000244140625,8.819999694824219,82.6353988647461,1837.699951171875,8.042857033865792,7.304333321253458,0.01810257321693398
2023-03-02,78.16000366210938,8.979999542236328,82.4198989868164,1833.5,8.261428424290248,7.331666644414266,0.008306286363396032
2023-03-03,79.68000030517578,9.390000343322754,82.35569763183594,1847.699951171875,8.407142639160156,7.370999956130982,0.006049700166473881
2023-03-04,79.68000030517578,9.390000343322754,82.35569763183594,1847.699951171875,8.612857001168388,7.432999960581461,0.019447243754458388
2023-03-05,79.68000030517578,9.390000343322754,82.35569763183594,1847.699951171875,8.818571363176618,7.502333307266236,0.0
2023-03-06,80.45999908447266,9.149999618530273,81.7125015258789,1847.9000244140625,9.02428572518485,7.578333314259847,0.0
2023-03-07,77.58000183105469,9.180000305175781,81.85440063476562,1813.9000244140625,9.167142868041992,7.646333297093709,0.009789141268944146
2023-03-08,76.66000366210938,9.600000381469727,82.07460021972656,1812.699951171875,9.185714312962123,7.715333302815755,-0.03579414971648631
2023-03-09,75.72000122070312,9.920000076293945,81.9645004272461,1829.300048828125,9.29714298248291,7.8086666425069176,-0.011858702593856352
2023-03-10,76.68000030517578,10.1899995803833,82.01840209960938,1862.0,9.431428773062569,7.900666650136312,-0.012261967081940828
2023-03-11,76.68000030517578,10.1899995803833,82.01840209960938,1862.0,9.545714378356934,7.986333306630453,0.012678276135713817
2023-03-12,76.68000030517578,10.1899995803833,82.01840209960938,1862.0,9.659999983651298,8.088666629791259,0.0
2023-03-13,74.80000305175781,10.260000228881836,81.95800018310547,1911.699951171875,9.774285588945661,8.18733328183492,0.0
2023-03-14,71.33000183105469,10.569999694824219,82.41739654541016,1906.199951171875,9.93285710471017,8.288333288828532,-0.02451743930537087
2023-03-15,67.61000061035156,9.6899995803833,82.30490112304688,1926.5999755859375,10.131428446088519,8.399666611353556,-0.046390388758434375
2023-03-16,68.3499984741211,9.979999542236328,82.7156982421875,1919.0,10.144285474504743,8.489333264033,-0.052151985492920105
2023-03-17,66.73999786376953,9.970000267028809,82.622802734375,1969.800048828125,10.152856826782227,8.597666581471762,0.01094509476540706
2023-03-18,66.73999786376953,9.970000267028809,82.622802734375,1969.800048828125,10.12142835344587,8.712333250045777,-0.02355523988725683
2023-03-19,66.73999786376953,9.970000267028809,82.622802734375,1969.800048828125,10.089999880109515,8.81966659228007,0.0
2023-03-20,67.63999938964844,9.5,82.53299713134766,1979.199951171875,10.058571406773158,8.931999937693279,0.0
2023-03-21,69.33000183105469,9.3100004196167,82.52909851074219,1938.0,9.949999945504326,9.02866660753886,0.013485189611722737
2023-03-22,70.9000015258789,9.489999771118164,82.677001953125,1946.800048828125,9.770000049046107,9.11899995803833,0.024985252168185035
2023-03-23,69.95999908447266,10.1899995803833,82.52580261230469,1993.800048828125,9.741428647722516,9.215333286921183,0.022645314486649415
2023-03-24,69.26000213623047,9.760000228881836,82.26529693603516,1982.0999755859375,9.771428653172084,9.319666608174641,-0.013258144163271202
2023-03-25,69.26000213623047,9.760000228881836,82.26529693603516,1982.0999755859375,9.741428647722516,9.401999950408936,-0.010005674062359304
2023-03-26,69.26000213623047,9.760000228881836,82.26529693603516,1982.0999755859375,9.71142864227295,9.461999956766764,0.0
2023-03-27,72.80999755859375,9.449999809265137,82.33879852294922,1952.4000244140625,9.681428636823382,9.52233330408732,0.0
2023-03-28,73.19999694824219,9.460000038146973,82.21489715576172,1972.4000244140625,9.674285752432686,9.572333304087321,0.051256068623570794
2023-03-29,72.97000122070312,10.020000457763672,82.16429901123047,1966.0999755859375,9.695714269365583,9.62266664505005,0.005356398883746616
2023-03-30,74.37000274658203,9.649999618530273,82.25540161132812,1980.300048828125,9.771428653172084,9.685000006357829,-0.003142018266772406
2023-03-31,75.66999816894531,10.100000381469727,82.10050201416016,1969.0,9.694285801478795,9.704999987284342,0.019185987425770934
2023-04-01,75.66999816894531,10.100000381469727,82.10050201416016,1969.0,9.742857251848493,9.747666676839193,0.01748010453614013
2023-04-02,75.66999816894531,10.100000381469727,82.10050201416016,1969.0,9.791428702218193,9.785000038146972,0.0
2023-04-03,80.41999816894531,10.010000228881836,82.18479919433594,1983.9000244140625,9.84000015258789,9.808666706085205,0.0
2023-04-04,80.70999908447266,10.3100004196167,82.14089965820312,2022.199951171875,9.920000212533134,9.829333368937174,0.0627725666042025
2023-04-05,80.61000061035156,10.020000457763672,82.11479949951172,2020.9000244140625,10.04142883845738,9.860000038146973,0.003606079608682755
2023-04-06,80.69999694824219,9.8100004196167,81.94999694824219,2011.9000244140625,10.04142883845738,9.889000066121419,-0.001238984949267996
2023-04-07,80.69999694824219,9.8100004196167,81.831298828125,2011.9000244140625,10.06428609575544,9.910000069936116,0.0011164413498225834
2023-04-08,80.69999694824219,9.8100004196167,81.831298828125,2011.9000244140625,10.022857529776436,9.917000071207683,0.0
2023-04-09,80.69999694824219,9.8100004196167,81.831298828125,2011.9000244140625,9.981428963797432,9.913333415985107,0.0
2023-04-10,79.73999786376953,9.90999984741211,81.88480377197266,1989.0999755859375,9.940000397818428,9.900666777292887,0.0
2023-04-11,81.52999877929688,9.279999732971191,81.98390197753906,2004.800048828125,9.92571462903704,9.891333452860515,-0.011895899885700834
2023-04-12,83.26000213623047,9.40999984741211,82.07009887695312,2010.9000244140625,9.778571673801967,9.861000124613444,0.022447967939319913
2023-04-13,82.16000366210938,9.369999885559082,81.96060180664062,2041.300048828125,9.691428729466029,9.832666778564453,0.02121922461469361
2023-04-14,82.5199966430664,9.1899995803833,81.68070220947266,2002.199951171875,9.628571510314941,9.792666784922282,-0.013211607565434269
2023-04-15,82.5199966430664,9.1899995803833,81.68070220947266,2002.199951171875,9.539999961853027,9.776000118255615,0.004381608628421407
2023-04-16,82.5199966430664,9.1899995803833,81.68070220947266,2002.199951171875,9.451428413391113,9.749666786193847,0.0
2023-04-17,80.83000183105469,8.960000038146973,81.84480285644531,1994.199951171875,9.3628568649292,9.723666763305664,0.0
2023-04-18,80.86000061035156,8.619999885559082,82.00370025634766,2007.4000244140625,9.22714260646275,9.690000089009603,-0.020479821628224926
2023-04-19,79.16000366210938,9.15999984741211,82.10790252685547,1995.199951171875,9.132856913975306,9.645000076293945,0.00037113421523327084
2023-04-20,77.29000091552734,9.25,82.34010314941406,2007.5999755859375,9.097142628261022,9.633666737874348,-0.021023954185137028
2023-04-21,77.87000274658203,9.15999984741211,82.14089965820312,1979.5,9.079999787466866,9.631666723887125,-0.023623075544109917
2023-04-22,77.87000274658203,9.15999984741211,82.14089965820312,1979.5,9.075714111328125,9.620666726430256,0.007504228544240599
2023-04-23,77.87000274658203,9.15999984741211,82.14089965820312,1979.5,9.071428435189384,9.586333401997884,0.0
2023-04-24,78.76000213623047,8.779999732971191,82.05480194091797,1989.0999755859375,9.067142759050641,9.566333389282226,0.0
2023-04-25,77.06999969482422,8.760000228881836,81.85230255126953,1994.0,9.041428429739815,9.533666706085205,0.011429297011133155
2023-04-26,74.30000305175781,8.819999694824219,81.9916000366211,1985.699951171875,9.061428478785924,9.500333372751872,-0.021457623102689505
2023-04-27,74.76000213623047,8.850000381469727,81.76689910888672,1989.9000244140625,9.012857028416224,9.479333368937175,-0.035941308603020916
2023-04-28,76.77999877929688,8.760000228881836,81.76509857177734,1990.0999755859375,8.955714225769043,9.459000047047933,0.006191104516539703
2023-04-29,76.77999877929688,8.760000228881836,81.76509857177734,1990.0999755859375,8.898571423121862,9.417000039418538,0.027019751007838266
2023-04-30,76.77999877929688,8.760000228881836,81.76509857177734,1990.0999755859375,8.841428620474678,9.387333393096924,0.0
2023-05-01,75.66000366210938,8.779999732971191,81.74479675292969,1983.4000244140625,8.784285817827497,9.342666721343994,0.0
2023-05-02,71.66000366210938,8.279999732971191,81.77469635009766,2014.300048828125,8.784285817827497,9.298666699727375,-0.014587068702708761
2023-05-03,68.5999984741211,8.449999809265137,81.77870178222656,2028.5999755859375,8.71571431841169,9.238000011444091,-0.05286809154627636
2023-05-04,68.55999755859375,7.929999828338623,81.77999877929688,2048.0,8.662857191903251,9.185999997456868,-0.04270171687984825
2023-05-05,71.33999633789062,8.300000190734863,81.71610260009766,2017.4000244140625,8.53142854145595,9.106666644414267,-0.0005831037378584147
2023-05-06,71.33999633789062,8.300000190734863,81.71610260009766,2017.4000244140625,8.465714250292097,9.049333302179972,0.04054840837648799
2023-05-07,71.33999633789062,8.300000190734863,81.71610260009766,2017.4000244140625,8.399999959128243,8.998999961217244,0.0
2023-05-08,73.16000366210938,8.350000381469727,81.72979736328125,2026.300048828125,8.33428566796439,8.948666620254517,0.0
2023-05-09,73.70999908447266,8.989999771118164,81.78710174560547,2036.199951171875,8.272857189178467,8.899999952316284,0.025511738402656636
2023-05-10,72.55999755859375,8.600000381469727,82.1050033569336,2030.5,8.374285766056605,8.872666597366333,0.007517706326306994
2023-05-11,70.87000274658203,8.09000015258789,81.9198989868164,2014.699951171875,8.39571441922869,8.828999948501586,-0.015601703163243719
2023-05-12,70.04000091552734,7.71999979019165,82.10030364990234,2014.5,8.418571608407158,8.789333295822143,-0.023290998744135982
2023-05-13,70.04000091552734,7.71999979019165,82.10030364990234,2014.5,8.335714408329554,8.732999960581461,-0.011711609974429105
2023-05-14,70.04000091552734,7.71999979019165,82.10030364990234,2014.5,8.252857208251953,8.677999957402546,0.0
2023-05-15,71.11000061035156,7.289999961853027,82.20030212402344,2018.0,8.170000008174352,8.62899996439616,0.0
2023-05-16,70.86000061035156,7.21999979019165,82.2667007446289,1988.4000244140625,8.018571376800537,8.565666643778483,0.015276980023382736
2023-05-17,72.83000183105469,7.21999979019165,82.2959976196289,1980.699951171875,7.765714236668178,8.499999984105427,-0.0035156799023231544
2023-05-18,71.86000061035156,7.489999771118164,82.45030212402344,1956.5,7.5685712950570245,8.44199997584025,0.02780131532224872
2023-05-19,71.55000305175781,7.409999847412109,82.72509765625,1978.699951171875,7.482856954847064,8.404333305358886,-0.01331870378025335
2023-05-20,71.55000305175781,7.409999847412109,82.72509765625,1978.699951171875,7.4385712487357,8.345999972025554,-0.004313909768449031
2023-05-21,71.55000305175781,7.409999847412109,82.72509765625,1978.699951171875,7.3942855426243375,8.284666633605957,0.0
2023-05-22,71.98999786376953,7.389999866485596,82.90480041503906,1974.800048828125,7.349999836512974,8.226333300272623,0.0
2023-05-23,72.91000366210938,7.090000152587891,82.82499694824219,1972.4000244140625,7.36428553717477,8.167333300908407,0.006149473001328065
2023-05-24,74.33999633789062,6.559999942779541,82.8906021118164,1962.800048828125,7.345714160374233,8.098333311080932,0.01277963363856216
2023-05-25,71.83000183105469,6.440000057220459,82.71369934082031,1943.0999755859375,7.251428467886789,8.024333318074545,0.01961312033953999
2023-05-26,72.66999816894531,6.570000171661377,82.74210357666016,1944.0999755859375,7.101428508758545,7.946999979019165,-0.033763715771890745
2023-05-27,72.66999816894531,6.570000171661377,82.74210357666016,1944.0999755859375,6.9814285550798685,7.871999994913737,0.011694226875648805
2023-05-28,72.66999816894531,6.570000171661377,82.74210357666016,1944.0999755859375,6.861428601401193,7.795999987920125,0.0
2023-05-29,72.66999816894531,6.570000171661377,82.57479858398438,1944.0999755859375,6.7414286477225165,7.722999986012777,0.0
2023-05-30,69.45999908447266,6.079999923706055,82.57969665527344,1958.0,6.6242858341762,7.6499999841054285,0.0
2023-05-31,68.08999633789062,5.78000020980835,82.68389892578125,1963.9000244140625,6.480000087193081,7.560666640599568,-0.04417227418954872
2023-06-01,70.0999984741211,5.840000152587891,82.66680145263672,1978.0,6.368571553911481,7.460666656494141,-0.019723621719544338
2023-06-02,71.73999786376953,6.139999866485596,82.27670288085938,1952.4000244140625,6.282857281821115,7.37933333714803,0.02951978622903728
2023-06-03,71.73999786376953,6.139999866485596,82.27670288085938,1952.4000244140625,6.221428666796003,7.302333339055379,0.023395141588396395
2023-06-04,71.73999786376953,6.139999866485596,82.27670288085938,1952.4000244140625,6.160000051770892,7.2426666736602785,0.0
2023-06-05,72.1500015258789,6.550000190734863,82.40979766845703,1958.0,6.09857143674578,7.1706666628519695,0.0
2023-06-06,71.73999786376953,6.550000190734863,82.51119995117188,1965.5,6.095714296613421,7.112333329518636,0.005715133458575661
2023-06-07,72.52999877929688,6.139999866485596,82.51719665527344,1942.699951171875,6.16285719190325,7.053999996185302,-0.00568265631931153
2023-06-08,71.29000091552734,6.369999885559082,82.61810302734375,1963.5999755859375,6.214285714285714,6.980333312352498,0.01101200082313225
2023-06-09,70.16999816894531,6.329999923706055,82.48829650878906,1962.199951171875,6.289999961853027,6.892999982833862,-0.017096344748918968
2023-06-10,70.16999816894531,6.329999923706055,82.48829650878906,1962.199951171875,6.317142827170236,6.817333300908406,-0.015710516653087758
2023-06-11,70.16999816894531,6.329999923706055,82.48829650878906,1962.199951171875,6.3442856924874445,6.758666626612345,0.0
2023-06-12,67.12000274658203,6.190000057220459,82.4448013305664,1955.300048828125,6.371428557804653,6.712333297729492,0.0
2023-06-13,69.41999816894531,6.300000190734863,82.33719635009766,1944.5999755859375,6.319999967302595,6.6613333066304525,-0.04346580450265847
2023-06-14,68.2699966430664,6.400000095367432,82.29039764404297,1955.300048828125,6.284285681588309,6.61399998664856,0.03426691490235978
2023-06-15,70.62000274658203,6.340000152587891,82.04499816894531,1957.800048828125,6.321428571428571,6.584333324432373,-0.016565853589914914
2023-06-16,71.77999877929688,6.139999866485596,81.9126968383789,1958.4000244140625,6.317142895289829,6.555000003178915,0.034422238451278675
2023-06-17,71.77999877929688,6.139999866485596,81.9126968383789,1958.4000244140625,6.290000029972622,6.519000005722046,0.01642588484281804
2023-06-18,71.77999877929688,6.139999866485596,81.9126968383789,1958.4000244140625,6.262857164655413,6.47400000890096,0.0
2023-06-19,71.77999877929688,6.139999866485596,81.91480255126953,1958.4000244140625,6.235714299338205,6.43166667620341,0.0
2023-06-20,70.5,6.159999847412109,81.98139953613281,1935.5,6.22857141494751,6.389333343505859,0.0
2023-06-21,72.52999877929688,6.119999885559082,81.9917984008789,1933.300048828125,6.208571365901402,6.347666676839193,-0.017832248552030583
2023-06-22,69.51000213623047,6.170000076293945,81.94149780273438,1912.699951171875,6.168571335928781,6.305333344141642,0.028794308926196832
2023-06-23,69.16000366210938,6.159999847412109,81.91929626464844,1919.0999755859375,6.144285610743931,6.2746666749318445,-0.04163789733756951
2023-06-24,69.16000366210938,6.159999847412109,81.91929626464844,1919.0999755859375,6.147142750876291,6.261333338419596,-0.0050352246204099504
2023-06-25,69.16000366210938,6.159999847412109,81.91929626464844,1919.0999755859375,6.149999891008649,6.251999998092652,0.0
2023-06-26,69.37000274658203,5.920000076293945,81.98480224609375,1923.699951171875,6.152857031141009,6.238333320617675,0.0
2023-06-27,67.69999694824219,5.659999847412109,82.00650024414062,1914.0,6.121428489685059,6.216666650772095,0.0030364238483653327
2023-06-28,69.55999755859375,5.570000171661377,81.99839782714844,1912.300048828125,6.049999918256487,6.186333306630453,-0.024073889753768674
2023-06-29,69.86000061035156,5.610000133514404,82.02649688720703,1909.199951171875,5.971428530556815,6.152999973297119,0.027474160918700807
2023-06-30,70.63999938964844,5.550000190734863,82.07540130615234,1921.0999755859375,5.891428538731167,6.137333313624064,0.004312867485440908
2023-07-01,70.63999938964844,5.550000190734863,82.07540130615234,1921.0999755859375,5.804285730634417,6.129666646321614,0.011165169946782072
2023-07-02,70.63999938964844,5.550000190734863,82.07540130615234,1921.0999755859375,5.7171429225376675,6.119999980926513,0.0
2023-07-03,69.79000091552734,5.170000076293945,82.09629821777344,1921.699951171875,5.630000114440918,6.1003333250681555,0.0
2023-07-04,69.79000091552734,5.170000076293945,81.95010375976562,1921.699951171875,5.522857257298061,6.0679999987284345,-0.012032821085296463
2023-07-05,71.79000091552734,5.050000190734863,82.0071029663086,1919.5999755859375,5.452857289995466,6.035666672388713,0.0
2023-07-06,71.80000305175781,5.199999809265137,82.39409637451172,1908.699951171875,5.378571578434536,5.985666672388713,0.02865740039781306
2023-07-07,73.86000061035156,5.010000228881836,82.76840209960938,1926.199951171875,5.3200001035417825,5.940666659673055,0.00013932492133883478
2023-07-08,73.86000061035156,5.010000228881836,82.76840209960938,1926.199951171875,5.242857251848493,5.903000005086263,0.028690772577109502
2023-07-09,73.86000061035156,5.010000228881836,82.76840209960938,1926.199951171875,5.165714400155204,5.857666683197022,0.0
2023-07-10,72.98999786376953,5.039999961853027,82.61530303955078,1925.0,5.088571548461914,5.813666693369547,0.0
2023-07-11,74.83000183105469,5.21999979019165,82.52529907226562,1931.300048828125,5.0700001035417825,5.770666694641113,-0.011779078518719954
2023-07-12,75.75,5.369999885559082,82.39990234375,1956.199951171875,5.077142919812884,5.733666690190633,0.025208987822131323
2023-07-13,76.88999938964844,5.170000076293945,82.00180053710938,1959.199951171875,5.12285716193063,5.706333351135254,0.012294509507328577
2023-07-14,75.41999816894531,5.079999923706055,82.03079986572266,1960.0999755859375,5.118571485791888,5.66866668065389,0.015049496893048575
2023-07-15,75.41999816894531,5.079999923706055,82.03079986572266,1960.0999755859375,5.128571442195347,5.624666674931844,-0.019118236862686544
2023-07-16,75.41999816894531,5.079999923706055,82.03079986572266,1960.0999755859375,5.138571398598807,5.582666667302449,0.0
2023-07-17,74.1500015258789,4.840000152587891,82.07679748535156,1952.4000244140625,5.148571355002267,5.5473333358764645,0.0
2023-07-18,75.75,4.610000133514404,82.06159973144531,1977.199951171875,5.119999953678676,5.504000012079874,-0.016838990637755513
2023-07-19,75.3499984741211,4.5,82.07540130615234,1977.5,5.032857145581927,5.453000020980835,0.021577861647955388
2023-07-20,75.62999725341797,4.730000019073486,82.06169891357422,1968.300048828125,4.908571447644915,5.398333358764648,-0.005280548196421209
2023-07-21,77.06999969482422,4.730000019073486,82.0823974609375,1964.300048828125,4.845714296613421,5.350666697820028,0.0037159759119709257
2023-07-22,77.06999969482422,4.730000019073486,82.0823974609375,1964.300048828125,4.795714310237339,5.304333368937175,0.019040096439262744
2023-07-23,77.06999969482422,4.730000019073486,82.0823974609375,1964.300048828125,4.745714323861258,5.256333367029826,0.0
2023-07-24,78.73999786376953,4.559999942779541,81.99030303955078,1960.300048828125,4.695714337485177,5.208666706085205,0.0
2023-07-25,79.62999725341797,4.789999961853027,81.81420135498047,1962.0999755859375,4.6557143075125555,5.155333375930786,0.021668589276735872
2023-07-26,78.77999877929688,4.869999885559082,81.95010375976562,1968.9000244140625,4.6814285687037875,5.109666713078817,0.011303015161217678
2023-07-27,80.08999633789062,4.800000190734863,81.97550201416016,1945.4000244140625,4.734285695212228,5.074666706720988,-0.010674350162489965
2023-07-28,80.58000183105469,4.760000228881836,82.3749008178711,1960.4000244140625,4.744285719735282,5.046000051498413,0.016628555202999218
2023-07-29,80.58000183105469,4.760000228881836,82.3749008178711,1960.4000244140625,4.748571463993618,5.019000053405762,0.006118185985385605
2023-07-30,80.58000183105469,4.760000228881836,82.3749008178711,1960.4000244140625,4.752857208251953,4.990666723251342,0.0
2023-07-31,81.80000305175781,4.949999809265137,82.25279998779297,1970.5,4.757142952510288,4.964333391189575,0.0
2023-08-01,81.37000274658203,4.949999809265137,82.2332992553711,1940.699951171875,4.8128572191510886,4.944333378473917,0.015140248113433952
2023-08-02,79.48999786376953,4.820000171661377,82.30729675292969,1937.4000244140625,4.835714340209961,4.92433336575826,-0.005256727251021109
2023-08-03,81.55000305175781,4.889999866485596,82.7332992553711,1932.0,4.8285715239388605,4.912666702270508,-0.023104397435840918
2023-08-04,82.81999969482422,4.889999866485596,82.7843017578125,1939.5999755859375,4.841428620474679,4.903333361943563,0.02591527542268568
2023-08-05,82.81999969482422,4.889999866485596,82.7843017578125,1939.5999755859375,4.859999997275216,4.8980000178019205,0.015573226186887723
2023-08-06,82.81999969482422,4.889999866485596,82.7843017578125,1939.5999755859375,4.8785713740757535,4.887666686375936,0.0
2023-08-07,81.94000244140625,5.210000038146973,82.69529724121094,1933.5,4.897142750876291,4.8836666742960615,0.0
2023-08-08,82.91999816894531,5.070000171661377,82.74829864501953,1924.0999755859375,4.934285640716553,4.890333334604899,-0.010625419665063918
2023-08-09,84.4000015258789,5.059999942779541,82.84500122070312,1915.4000244140625,4.951428549630301,4.89233333269755,0.011959918212595122
2023-08-10,82.81999969482422,5.21999979019165,82.86630249023438,1914.4000244140625,4.98571423121861,4.892999998728434,0.01784856958050285
2023-08-11,83.19000244140625,5.329999923706055,82.79989624023438,1912.9000244140625,5.0328570774623325,4.892999998728434,-0.0187204005034316
2023-08-12,83.19000244140625,5.329999923706055,82.79989624023438,1912.9000244140625,5.095714228493827,4.891666666666667,0.004467553102456279
2023-08-13,83.19000244140625,5.329999923706055,82.79989624023438,1912.9000244140625,5.158571379525321,4.896999994913737,0.0
2023-08-14,82.51000213623047,5.340000152587891,82.89730072021484,1910.5999755859375,5.221428530556815,4.90533332824707,0.0
2023-08-15,80.98999786376953,5.590000152587891,83.2333984375,1902.5,5.239999975476946,4.914000002543132,-0.008174062810669236
2023-08-16,79.37999725341797,5.659999847412109,83.19419860839844,1896.0999755859375,5.314285687037876,4.931000010172526,-0.018422060757570802
2023-08-17,80.38999938964844,5.449999809265137,83.23699951171875,1884.0999755859375,5.399999959128244,4.958333333333333,-0.019879005467560162
2023-08-18,81.25,5.329999923706055,83.09829711914062,1886.0999755859375,5.432857104710171,4.986333322525025,0.012723635313391046
2023-08-19,81.25,5.329999923706055,83.09829711914062,1886.0999755859375,5.432857104710171,5.013999986648559,0.010697855664647538
2023-08-20,81.25,5.329999923706055,83.09829711914062,1886.0999755859375,5.432857104710171,5.033999983469645,0.0
2023-08-21,80.72000122070312,5.090000152587891,83.16729736328125,1893.300048828125,5.432857104710171,5.0539999802907305,0.0
2023-08-22,80.3499984741211,4.940000057220459,83.1135025024414,1896.4000244140625,5.397142818995884,5.065999984741211,-0.006523061899038507
2023-08-23,78.88999938964844,4.829999923706055,83.07330322265625,1918.5,5.304285662514823,5.072999986012777,-0.0045837802401709205
2023-08-24,79.05000305175781,5.059999942779541,82.5447006225586,1918.199951171875,5.185714244842529,5.081999985376994,-0.018170492995627008
2023-08-25,79.83000183105469,4.940000057220459,82.64140319824219,1911.0999755859375,5.12999997820173,5.090999984741211,0.00202818688486861
2023-08-26,79.83000183105469,4.940000057220459,82.64140319824219,1911.0999755859375,5.074285711560931,5.09333332379659,0.009867156852431336
2023-08-27,79.83000183105469,4.940000057220459,82.64140319824219,1911.0999755859375,5.0185714449201315,5.097999986012777,0.0
2023-08-28,80.0999984741211,4.96999979019165,82.66429901123047,1917.9000244140625,4.962857178279331,5.103999980290731,0.0
2023-08-29,81.16000366210938,5.050000190734863,82.69149780273438,1936.5,4.945714269365583,5.110999965667725,0.003382145019084515
2023-08-30,81.62999725341797,4.880000114440918,82.49469757080078,1944.300048828125,4.961428574153355,5.120666631062826,0.013233523198265207
2023-08-31,83.62999725341797,4.889999866485596,82.70040130615234,1938.199951171875,4.96857145854405,5.118333307902018,0.0057909508391018605
2023-09-01,85.55000305175781,4.860000133514404,82.68240356445312,1939.800048828125,4.944285733359201,5.116333309809367,0.024500797100250438
2023-09-02,85.55000305175781,4.860000133514404,82.68240356445312,1939.800048828125,4.932857172829764,5.117666641871135,0.02295833865116359
2023-09-03,85.55000305175781,4.860000133514404,82.68240356445312,1939.800048828125,4.9214286123003275,5.116666650772094,0.0
2023-09-04,85.55000305175781,4.860000133514404,82.6969985961914,1939.800048828125,4.910000051770892,5.115666659673055,0.0
2023-09-05,86.69000244140625,4.900000095367432,82.7345962524414,1926.199951171875,4.894285815102713,5.114666668574015,0.0
2023-09-06,87.54000091552734,5.070000171661377,83.08609771728516,1918.0999755859375,4.872857230050223,5.115000009536743,0.013325533009726831
2023-09-07,86.87000274658203,5.239999771118164,83.25740051269531,1917.5,4.900000095367432,5.110333347320557,0.009805034608178831
2023-09-08,87.51000213623047,5.300000190734863,83.24150085449219,1918.4000244140625,4.950000081743513,5.116000000635783,-0.007653623051613101
2023-09-09,87.51000213623047,5.300000190734863,83.24150085449219,1918.4000244140625,5.012857232775007,5.1240000089009605,0.007367323234873657
2023-09-10,87.51000213623047,5.300000190734863,83.24150085449219,1918.4000244140625,5.075714383806501,5.126666688919068,0.0
2023-09-11,87.29000091552734,5.099999904632568,83.03130340576172,1923.300048828125,5.138571534837995,5.125666697820027,0.0
2023-09-12,88.83999633789062,5.269999980926514,82.94329833984375,1911.300048828125,5.172857216426304,5.118000030517578,-0.0025140122881112115
2023-09-13,88.5199966430664,5.300000190734863,82.84300231933594,1909.0999755859375,5.225714342934745,5.116000032424926,0.017756849651809015
2023-09-14,90.16000366210938,5.460000038146973,82.93679809570312,1910.0,5.258571488516671,5.114666700363159,-0.0036019778029610094
2023-09-15,90.7699966430664,5.480000019073486,83.0282974243164,1923.699951171875,5.290000098092215,5.110333363215129,0.018526966575200587
2023-09-16,90.7699966430664,5.480000019073486,83.0282974243164,1923.699951171875,5.315714359283447,5.104333368937175,0.006765671652400274
2023-09-17,90.7699966430664,5.480000019073486,83.0282974243164,1923.699951171875,5.341428620474679,5.105333375930786,0.0
2023-09-18,91.4800033569336,5.670000076293945,83.08580017089844,1931.5,5.367142881665911,5.110333379109701,0.0
2023-09-19,91.19999694824219,5.699999809265137,83.25489807128906,1932.0,5.448571477617536,5.121666717529297,0.007822041865432006
2023-09-20,90.27999877929688,5.460000038146973,83.19499969482422,1945.5999755859375,5.510000024523054,5.134000047047933,-0.003060848255534987
2023-09-21,89.62999725341797,5.369999885559082,83.08699798583984,1919.199951171875,5.532857145581927,5.146333376566569,-0.010087699558448793
2023-09-22,90.02999877929688,5.53000020980835,82.89129638671875,1925.4000244140625,5.519999980926514,5.1606667041778564,-0.007199839772571659
2023-09-23,90.02999877929688,5.53000020980835,82.89129638671875,1925.4000244140625,5.5271428653172086,5.184000047047933,0.004462808637023086
2023-09-24,90.02999877929688,5.53000020980835,82.89129638671875,1925.4000244140625,5.534285749707903,5.19966672261556,0.0
2023-09-25,89.68000030517578,5.590000152587891,82.97480010986328,1916.5999755859375,5.541428634098598,5.21933339436849,0.0
2023-09-26,90.38999938964844,5.539999961853027,83.0282974243164,1900.4000244140625,5.530000073569162,5.241000064214071,-0.003887576128697834
2023-09-27,93.68000030517578,5.53000020980835,83.29869842529297,1871.5999755859375,5.507142952510288,5.261000061035157,0.007917028122843117
2023-09-28,91.70999908447266,5.369999885559082,83.22270202636719,1860.4000244140625,5.517142977033343,5.279666741689046,0.03639784199295071
2023-09-29,90.79000091552734,5.489999771118164,83.19300079345703,1848.0999755859375,5.517142977033343,5.290333398183187,-0.021029047974867265
2023-09-30,90.79000091552734,5.489999771118164,83.19300079345703,1848.0999755859375,5.51142862864903,5.310666720072429,-0.01003160154977123
2023-10-01,90.79000091552734,5.489999771118164,83.19300079345703,1848.0999755859375,5.505714280264718,5.330666716893514,0.0
2023-10-02,88.81999969482422,5.630000114440918,83.03479766845703,1830.0,5.499999931880406,5.351666704813639,0.0
2023-10-03,89.2300033569336,5.590000152587891,83.3593978881836,1824.5999755859375,5.505714212145124,5.377333370844523,-0.02169843816320749
2023-10-04,84.22000122070312,5.550000190734863,83.22979736328125,1818.5,5.512857096535819,5.401666704813639,0.0046161187065763
2023-10-05,82.30999755859375,5.75,83.44979858398438,1816.5999755859375,5.515714236668178,5.424666706720988,-0.056147057578712634
2023-10-06,82.79000091552734,5.909999847412109,83.22489929199219,1830.199951171875,5.569999967302595,5.453000036875407,-0.02267874180034868
2023-10-07,82.79000091552734,5.909999847412109,83.22489929199219,1830.199951171875,5.62999997820173,5.481000026067098,0.0058316531547932815
2023-10-08,82.79000091552734,5.909999847412109,83.22489929199219,1830.199951171875,5.689999989100865,5.503333361943563,0.0
2023-10-09,86.37999725341797,5.96999979019165,83.12460327148438,1849.5,5.75,5.523666683832804,0.0
2023-10-10,85.97000122070312,5.670000076293945,83.27030181884766,1861.0,5.798571382250104,5.546000003814697,0.04336268025354406
2023-10-11,83.48999786376953,5.78000020980835,83.25029754638672,1872.800048828125,5.809999942779541,5.558333333333334,-0.00474642331270303
2023-10-12,82.91000366210938,5.599999904632568,83.21800231933594,1869.300048828125,5.842857088361468,5.581000010172526,-0.028847310942416993
2023-10-13,87.69000244140625,5.869999885559082,83.26239776611328,1927.4000244140625,5.821428503308978,5.5920000076293945,-0.006946870481498002
2023-10-14,87.69000244140625,5.869999885559082,83.26239776611328,1927.4000244140625,5.815714223044259,5.610999997456869,0.05765285934345443
2023-10-15,87.69000244140625,5.869999885559082,83.26239776611328,1927.4000244140625,5.809999942779541,5.624666659037272,0.0
2023-10-16,86.66000366210938,5.809999942779541,83.28230285644531,1921.0999755859375,5.804285662514823,5.637666654586792,0.0
2023-10-17,86.66000366210938,6.090000152587891,83.19950103759766,1922.699951171875,5.78142854145595,5.64866665204366,-0.01174590889064131
2023-10-18,88.31999969482422,5.829999923706055,83.26429748535156,1955.300048828125,5.841428552355085,5.668999989827474,0.0
2023-10-19,89.37000274658203,5.670000076293945,83.26860046386719,1968.4000244140625,5.848571368626186,5.674333318074544,0.019155273050613264
2023-10-20,88.75,5.760000228881836,83.12229919433594,1982.5,5.85857139314924,5.673333326975505,0.01188862155101833
2023-10-21,88.75,5.760000228881836,83.12229919433594,1982.5,5.842857156481061,5.683333333333334,-0.006937481565711834
2023-10-22,88.75,5.760000228881836,83.12229919433594,1982.5,5.827142919812884,5.696333344777425,0.0
2023-10-23,85.48999786376953,5.539999961853027,83.15979766845703,1976.300048828125,5.8114286831447055,5.704000012079875,0.0
2023-10-24,83.73999786376953,5.409999847412109,83.02940368652344,1975.0,5.772857257298061,5.7043333371480305,-0.03673241843639963
2023-10-25,85.38999938964844,5.289999961853027,82.98780059814453,1984.0999755859375,5.675714356558664,5.700333325068156,-0.020470230947819967
2023-10-26,83.20999908447266,5.179999828338623,83.1709976196289,1987.199951171875,5.598571504865374,5.690333318710327,0.01970386395952839
2023-10-27,85.54000091552734,5.059999942779541,83.28250122070312,1988.5999755859375,5.528571469443185,5.678333314259847,-0.025529925292868128
2023-10-28,85.54000091552734,5.059999942779541,83.28250122070312,1988.5999755859375,5.428571428571429,5.66266663869222,0.028001464447672042
2023-10-29,85.54000091552734,5.059999942779541,83.28250122070312,1988.5999755859375,5.3285713876996725,5.652333307266235,0.0
2023-10-30,82.30999755859375,4.940000057220459,83.41339874267578,1996.199951171875,5.228571346827915,5.637999979654948,0.0
2023-10-31,81.0199966430664,5.010000228881836,83.29650115966797,1985.199951171875,5.142857074737549,5.6196666558583575,-0.037760151068075065
2023-11-01,80.44000244140625,4.800000190734863,83.2771987915039,1978.800048828125,5.0857142720903665,5.603666671117147,-0.01567246936933797
2023-11-02,82.45999908447266,5.010000228881836,85.19400024414062,1985.5999755859375,5.015714304787772,5.5760000069936115,-0.0071586549702701285
2023-11-03,80.51000213623047,5.150000095367432,83.24729919433594,1991.5,4.9914286477225165,5.55666667620341,0.025111842140206342
2023-11-04,80.51000213623047,5.150000095367432,83.24729919433594,1991.5,5.00428581237793,5.543333339691162,-0.023647792504152165
2023-11-05,80.51000213623047,5.150000095367432,83.24729919433594,1991.5,5.017142977033343,5.523333342870076,0.0
2023-11-06,80.81999969482422,5.269999980926514,83.15850067138672,1981.5999755859375,5.030000141688755,5.49800001780192,0.0
2023-11-07,77.37000274658203,5.199999809265137,83.2228012084961,1966.800048828125,5.077142987932477,5.476666688919067,0.0038504229334039852
2023-11-08,75.33000183105469,5.400000095367432,83.23269653320312,1951.5,5.1042857851300925,5.453000020980835,-0.042687416001848
2023-11-09,75.73999786376953,5.800000190734863,83.21769714355469,1964.199951171875,5.190000057220459,5.434000031153361,-0.026366819737737024
2023-11-10,77.16999816894531,5.699999809265137,83.31939697265625,1932.5999755859375,5.302857194628034,5.438333368301391,0.005442665906664423
2023-11-11,77.16999816894531,5.699999809265137,83.31939697265625,1932.5999755859375,5.381428582327707,5.435666688283285,0.01888038480998988
2023-11-12,77.16999816894531,5.699999809265137,83.31939697265625,1932.5999755859375,5.459999970027378,5.439000018437704,0.0
2023-11-13,78.26000213623047,5.949999809265137,83.29889678955078,1945.5,5.538571357727051,5.4333333492279055,0.0
2023-11-14,78.26000213623047,5.929999828338623,83.19760131835938,1961.800048828125,5.635714190346854,5.436000013351441,0.014124711586734229
2023-11-15,76.66000366210938,6.150000095367432,82.98159790039062,1960.0999755859375,5.739999907357352,5.438000011444092,0.0
2023-11-16,72.9000015258789,6.440000057220459,83.18620300292969,1983.9000244140625,5.84714276450021,5.4493333498636884,-0.020444651551834947
2023-11-17,75.88999938964844,6.420000076293945,83.12030029296875,1981.5999755859375,5.9385713168552945,5.46100001335144,-0.049047768805272285
2023-11-18,75.88999938964844,6.420000076293945,83.12030029296875,1981.5999755859375,6.0414284978594095,5.48066668510437,0.04101505900117308
2023-11-19,75.88999938964844,6.420000076293945,83.12030029296875,1981.5999755859375,6.144285678863525,5.50566668510437,0.0
2023-11-20,77.5999984741211,6.420000076293945,83.29149627685547,1977.699951171875,6.247142859867641,5.527666680018107,0.0
2023-11-21,77.7699966430664,6.550000190734863,83.32219696044922,1999.300048828125,6.314285755157471,5.549666674931844,0.022532601109836126
2023-11-22,77.0999984741211,6.619999885559082,83.345703125,1991.4000244140625,6.40285723549979,5.5760000069936115,0.0021906980964954137
2023-11-23,77.0999984741211,6.619999885559082,83.54830169677734,1991.4000244140625,6.470000062670026,5.61200000445048,-0.008615124056393308
2023-11-24,75.54000091552734,7.519999980926514,83.34400177001953,2002.199951171875,6.495714323861258,5.652333339055379,0.0
2023-11-25,75.54000091552734,7.519999980926514,83.34400177001953,2002.199951171875,6.652857167380197,5.7266666730244955,-0.020233431770006693
2023-11-26,75.54000091552734,7.519999980926514,83.34400177001953,2002.199951171875,6.810000010899135,5.804666678110759,0.0
2023-11-27,74.86000061035156,7.769999980926514,83.31449890136719,2011.800048828125,6.967142854418073,5.886666679382325,0.0
2023-11-28,76.41000366210938,7.800000190734863,83.364501953125,2039.699951171875,7.159999983651297,5.977000013987223,-0.009001857253565504
2023-11-29,77.86000061035156,8.710000038146973,83.41809844970703,2047.0999755859375,7.338571412222726,6.068333355585734,0.02070535718835509
2023-11-30,75.95999908447266,9.329999923706055,83.3302993774414,2038.0999755859375,7.637142862592425,6.194000021616618,0.018976532898155263
2023-12-01,74.06999969482422,10.039999961853027,83.35269927978516,2071.0,8.02428572518485,6.338000011444092,-0.02440279361655051
2023-12-02,74.06999969482422,10.039999961853027,83.35269927978516,2071.0,8.384285722460065,6.512666670481364,-0.024881508852397816
2023-12-03,74.06999969482422,10.039999961853027,83.35269927978516,2071.0,8.744285719735283,6.6803333282470705,0.0
2023-12-04,73.04000091552734,9.34000015258789,83.21859741210938,2024.0999755859375,9.104285717010498,6.84333332379659,0.0
2023-12-05,72.31999969482422,8.300000190734863,83.41709899902344,2018.5,9.328571455819267,6.982999992370606,-0.013905748393959416
2023-12-06,69.37999725341797,8.229999542236328,83.31590270996094,2030.5,9.400000027247838,7.08799999554952,-0.009857628856492329
2023-12-07,69.33999633789062,8.34000015258789,83.28959655761719,2029.9000244140625,9.331428527832031,7.186666647593181,-0.04065268879718564
2023-12-08,71.2300033569336,8.699999809265137,83.35489654541016,1998.300048828125,9.189999989100865,7.291333325703939,-0.0005765482431663305
2023-12-09,71.2300033569336,8.699999809265137,83.35489654541016,1998.300048828125,8.998571395874023,7.401333316167196,0.027257097185772183
2023-12-10,71.2300033569336,8.699999809265137,83.35489654541016,1998.300048828125,8.807142802647181,7.4979999701182045,0.0
2023-12-11,71.31999969482422,8.600000381469727,83.43009948730469,1978.0,8.615714209420341,7.597999970118205,0.0
2023-12-12,68.61000061035156,9.4399995803833,83.34349822998047,1977.800048828125,8.50999995640346,7.694666655858358,0.0012634610929280754
2023-12-13,69.47000122070312,8.869999885559082,83.39600372314453,1982.300048828125,8.672857012067523,7.81933331489563,-0.03799774391571298
2023-12-14,71.58000183105469,9.239999771118164,83.2853012084961,2030.199951171875,8.764285632542201,7.916666650772095,0.012534624729646282
2023-12-15,71.43000030517578,9.920000076293945,83.29660034179688,2021.0999755859375,8.892857006617955,8.02699998219808,0.030372831053337546
2023-12-16,71.43000030517578,9.920000076293945,83.29660034179688,2021.0999755859375,9.067142759050641,8.152666648228964,-0.002095578681779675
2023-12-17,71.43000030517578,9.920000076293945,83.29660034179688,2021.0999755859375,9.24142851148333,8.268666648864746,0.0
2023-12-18,72.47000122070312,10.600000381469727,83.04170227050781,2026.300048828125,9.415714263916016,8.385333315531414,0.0
2023-12-19,73.44000244140625,9.779999732971191,83.11119842529297,2038.4000244140625,9.701428549630302,8.524666659037273,0.014559721560745809
2023-12-20,74.22000122070312,10.039999961853027,83.09159851074219,2034.5,9.75,8.63666664759318,0.013384865521790745
2023-12-21,73.88999938964844,9.970000267028809,83.26719665527344,2039.0999755859375,9.917142868041992,8.75733331044515,0.010620898057828843
2023-12-22,73.55999755859375,10.4399995803833,83.13159942626953,2057.10009765625,10.021428653172084,8.87133331298828,-0.004446265502925373
2023-12-23,73.55999755859375,10.4399995803833,83.13159942626953,2057.10009765625,10.095714296613421,8.998666636149089,-0.004466123071871553
2023-12-24,73.55999755859375,10.4399995803833,83.13159942626953,2057.10009765625,10.169999940054756,9.125999959309896,0.0
2023-12-25,73.55999755859375,10.4399995803833,83.16500091552734,2057.10009765625,10.244285583496094,9.223333279291788,0.0
2023-12-26,75.56999969482422,10.399999618530273,83.17230224609375,2058.199951171875,10.221428326198033,9.320666599273682,0.0
2023-12-27,74.11000061035156,10.869999885559082,83.18280029296875,2081.89990234375,10.309999738420759,9.416666587193808,0.027324662900232166
2023-12-28,71.7699966430664,11.649999618530273,83.26719665527344,2073.89990234375,10.428571156093053,9.519999917348226,-0.019319823876784437
2023-12-29,71.6500015258789,11.5600004196167,82.302001953125,2062.39990234375,10.668571063450404,9.648333231608072,-0.0315747395495003
2023-12-30,71.6500015258789,11.5600004196167,82.302001953125,2062.39990234375,10.82857118334089,9.74333324432373,-0.0016719398467338609
2023-12-31,71.6500015258789,11.5600004196167,82.302001953125,2062.39990234375,10.988571303231376,9.817666594187418,0.0
2024-01-01,71.6500015258789,11.5600004196167,83.24859619140625,2062.39990234375,11.148571423121862,9.868333276112875,0.0
2024-01-02,70.37999725341797,10.619999885559082,83.20259857177734,2064.39990234375,11.308571543012347,9.91899995803833,0.0
2024-01-03,72.69999694824219,10.140000343322754,83.25700378417969,2034.199951171875,11.34000015258789,9.938333288828533,-0.01772511158987533
2024-01-04,72.19000244140625,10.899999618530273,83.31809997558594,2042.300048828125,11.235714503696986,9.964999961853028,0.03296390715206443
2024-01-05,73.80999755859375,10.609999656677246,83.2406005859375,2042.4000244140625,11.12857164655413,10.051666609446208,-0.007015055409136051
2024-01-06,73.80999755859375,10.609999656677246,83.2406005859375,2042.4000244140625,10.992857251848493,10.130999946594239,0.022440712874367774
2024-01-07,73.80999755859375,10.609999656677246,83.2406005859375,2042.4000244140625,10.857142857142858,10.20666659673055,0.0
2024-01-08,70.7699966430664,9.609999656677246,83.19110107421875,2026.5999755859375,10.72142846243722,10.270333258310954,0.0
2024-01-09,72.23999786376953,9.0,83.05069732666016,2026.4000244140625,10.442856924874443,10.300666586558025,-0.041186844818875024
2024-01-10,71.37000274658203,9.550000190734863,83.131103515625,2021.699951171875,10.211428369794573,10.310666592915853,0.020771531587279624
2024-01-11,72.0199966430664,9.4399995803833,83.02559661865234,2014.300048828125,10.127142633710589,10.342333253224691,-0.012043122133366335
2024-01-12,72.68000030517578,9.5,83.07610321044922,2046.699951171875,9.918571199689593,10.342333253224691,0.009107382254031071
2024-01-13,72.68000030517578,9.5,83.07610321044922,2046.699951171875,9.759999820164271,10.363333257039388,0.009164172353136602
2024-01-14,72.68000030517578,9.5,83.07610321044922,2046.699951171875,9.601428440638951,10.371999931335449,0.0
2024-01-15,72.68000030517578,9.5,82.87210083007812,2046.699951171875,9.44285706111363,10.357999928792317,0.0
2024-01-16,72.4000015258789,9.770000457763672,82.8593978881836,2026.0,9.427142824445452,10.343999926249186,0.0
2024-01-17,72.55999755859375,10.0600004196167,83.08899688720703,2002.5999755859375,9.537142889840263,10.338999938964843,-0.0038524873159216932
2024-01-18,74.08000183105469,11.1899995803833,83.17759704589844,2018.5999755859375,9.61000006539481,10.32099994023641,0.0022098899080500445
2024-01-19,73.41000366210938,11.050000190734863,83.16059875488281,2026.5,9.86000006539481,10.367999935150147,0.02094824040248211
2024-01-20,73.41000366210938,11.050000190734863,83.16059875488281,2026.5,10.08142866407122,10.401666609446208,-0.009044251517073332
2024-01-21,73.41000366210938,11.050000190734863,83.16059875488281,2026.5,10.302857262747628,10.437666606903075,0.0
2024-01-22,75.19000244140625,10.430000305175781,83.12470245361328,2019.800048828125,10.524285861424037,10.457999960581462,0.0
2024-01-23,74.37000274658203,10.720000267028809,83.09510040283203,2023.699951171875,10.657143047877721,10.457666651407878,0.02424735990328819
2024-01-24,75.08999633789062,11.75,83.22139739990234,2013.9000244140625,10.79285730634417,10.467000007629395,-0.01090570113311573
2024-01-25,77.36000061035156,11.100000381469727,83.09760284423828,2016.9000244140625,11.034285817827497,10.510666688283285,0.009681236583545472
2024-01-26,78.01000213623047,11.0600004196167,83.14610290527344,2016.800048828125,11.021428789411273,10.534000047047932,0.030230448570623958
2024-01-27,78.01000213623047,11.0600004196167,83.14610290527344,2016.800048828125,11.02285739353725,10.540333398183186,0.008402294735658566
2024-01-28,78.01000213623047,11.0600004196167,83.14610290527344,2016.800048828125,11.024285997663226,10.5206667582194,0.0
2024-01-29,76.77999877929688,10.75,83.12129974365234,2025.199951171875,11.025714601789202,10.504000091552735,0.0
2024-01-30,77.81999969482422,10.979999542236328,83.1530990600586,2031.5,11.071428843906947,10.477000077565512,-0.01576725193245876
2024-01-31,75.8499984741211,11.239999771118164,83.10970306396484,2048.39990234375,11.108571597508021,10.457666714986166,0.013545206200338944
2024-02-01,73.81999969482422,11.109999656677246,83.05359649658203,2053.0,11.035714421953474,10.44700002670288,-0.025314844878290943
2024-02-02,72.27999877929688,11.170000076293945,82.92759704589844,2036.0999755859375,11.037142889840263,10.463333352406819,-0.02676333315932078
2024-02-03,72.27999877929688,11.170000076293945,82.92759704589844,2036.0999755859375,11.05285712650844,10.497666676839193,-0.020861567622511346
2024-02-04,72.27999877929688,11.170000076293945,82.92759704589844,2036.0999755859375,11.068571363176618,10.506666692097982,0.0
2024-02-05,72.77999877929688,11.8100004196167,82.99929809570312,2025.699951171875,11.084285599844796,10.525333372751872,0.0
2024-02-06,73.30999755859375,12.640000343322754,83.10369873046875,2034.5,11.23571423121861,10.565333398183187,0.0069175430055929965
2024-02-07,73.86000061035156,11.800000190734863,83.07060241699219,2035.199951171875,11.472857202802386,10.633000087738036,0.007282203739850113
2024-02-08,76.22000122070312,12.550000190734863,83.01260375976562,2032.199951171875,11.552857262747628,10.706000105539959,0.007502429001149835
2024-02-09,76.83999633789062,12.350000381469727,82.98529815673828,2023.300048828125,11.75857162475586,10.82433344523112,0.031952350268743546
2024-02-10,76.83999633789062,12.350000381469727,82.98529815673828,2023.300048828125,11.927143096923828,10.917666784922282,0.008134283747808446
2024-02-11,76.83999633789062,12.350000381469727,82.98529815673828,2023.300048828125,12.095714569091797,11.014666811625164,0.0
2024-02-12,76.91999816894531,12.5,83.0145034790039,2018.199951171875,12.264286041259766,11.10966682434082,0.0
2024-02-13,77.87000274658203,12.260000228881836,82.99019622802734,1992.9000244140625,12.362857409885951,11.20966682434082,0.0010411482934342686
2024-02-14,76.63999938964844,12.75,83.07460021972656,1990.300048828125,12.308571679251534,11.301666831970214,0.012350553825419386
2024-02-15,78.02999877929688,12.789999961853027,83.04309844970703,2002.0999755859375,12.444285937717982,11.410000165303549,-0.015795599249386005
2024-02-16,79.19000244140625,12.819999694824219,83.00959777832031,2011.5,12.478571619306292,11.51066681543986,0.018136735395592574
2024-02-17,79.19000244140625,12.819999694824219,83.00959777832031,2011.5,12.545714378356934,11.602666791280111,0.014866124314449669
2024-02-18,79.19000244140625,12.819999694824219,83.00959777832031,2011.5,12.612857137407575,11.657000128428141,0.0
2024-02-19,79.19000244140625,12.819999694824219,83.01599884033203,2011.5,12.679999896458217,11.716000111897786,0.0
2024-02-20,78.18000030517578,12.5,83.02100372314453,2027.5,12.725714138575963,11.775000095367432,0.0
2024-02-21,77.91000366210938,12.949999809265137,82.8291015625,2022.300048828125,12.759999820164271,11.823333422342936,-0.01275416220599035
2024-02-22,78.61000061035156,13.510000228881836,82.93840026855469,2019.699951171875,12.788571221487862,11.907333405812581,-0.003453525735641727
2024-02-23,76.48999786376953,14.336999893188477,82.87229919433594,2038.5999755859375,12.891428402491979,12.000333404541015,0.008984686373241901
2024-02-24,76.48999786376953,14.336999893188477,82.87229919433594,2038.5999755859375,13.108142716544014,12.086566734313966,-0.02696861379114235
2024-02-25,76.48999786376953,14.336999893188477,82.87229919433594,2038.5999755859375,13.324857030596052,12.194466718037923,0.0
2024-02-26,77.58000183105469,13.732999801635742,82.88179779052734,2028.5,13.541571344648089,12.303700033823649,0.0
2024-02-27,78.87000274658203,14.449999809265137,82.85199737548828,2034.0,13.67199993133545,12.392800013224283,0.014250281052778702
2024-02-28,78.54000091552734,15.029999732971191,82.94819641113281,2033.0,13.95057133265904,12.505799992879231,0.016628008315036746
2024-02-29,78.26000213623047,15.25,82.91190338134766,2045.699951171875,14.247714178902763,12.648466650644938,-0.0041841234888125856
2024-03-01,79.97000122070312,16.100000381469727,82.910400390625,2086.89990234375,14.496285574776786,12.790799999237061,-0.003565046804596128
2024-03-02,79.97000122070312,16.100000381469727,82.910400390625,2086.89990234375,14.748142787388392,12.952800019582112,0.02185023048550372
2024-03-03,79.97000122070312,16.100000381469727,82.910400390625,2086.89990234375,15.0,13.119133377075196,0.0
2024-03-04,78.73999786376953,16.229999542236328,82.84609985351562,2117.699951171875,15.251857212611608,13.283466720581055,0.0
2024-03-05,78.1500015258789,15.75,82.9104995727539,2133.5,15.608571461268834,13.4521333694458,-0.01538080953055132
2024-03-06,79.12999725341797,15.569999694824219,82.88480377197266,2150.300048828125,15.794285774230957,13.604800033569337,-0.007492968680433476
2024-03-07,78.93000030517578,16.43000030517578,82.81909942626953,2158.0,15.871428625924247,13.73013334274292,0.012539932289246991
2024-03-08,78.01000213623047,16.84000015258789,82.7522964477539,2178.60009765625,16.040000098092214,13.856466674804688,-0.002527447936105487
2024-03-09,78.01000213623047,16.84000015258789,82.7522964477539,2178.60009765625,16.145714351109095,14.024466673533121,-0.011655874387282661
2024-03-10,78.01000213623047,16.84000015258789,82.7522964477539,2178.60009765625,16.251428604125977,14.167466672261556,0.0
2024-03-11,77.93000030517578,16.040000915527344,82.7520980834961,2182.5,16.357142857142858,14.317133331298828,0.0
2024-03-12,77.55999755859375,16.479999542236328,82.7782974243164,2160.39990234375,16.330000196184432,14.44013334910075,-0.0010255329940253022
2024-03-13,79.72000122070312,16.25,82.83509826660156,2175.39990234375,16.434285845075333,14.577799987792968,-0.0047478858608122065
2024-03-14,81.26000213623047,16.059999465942383,82.83110046386719,2163.0,16.531428745814733,14.702799987792968,0.027849455003883472
2024-03-15,81.04000091552734,15.6899995803833,82.9655990600586,2157.300048828125,16.478571483067103,14.829466629028321,0.019317622829230663
2024-03-16,81.04000091552734,15.6899995803833,82.9655990600586,2157.300048828125,16.314285687037877,14.927466615041096,-0.002707374045281208
2024-03-17,81.04000091552734,15.6899995803833,82.9655990600586,2157.300048828125,16.14999989100865,15.024133268992106,0.0
2024-03-18,82.72000122070312,16.190000534057617,82.88890075683594,2160.699951171875,15.985714094979423,15.119799931844076,0.0
2024-03-19,83.47000122070312,15.489999771118164,82.86360168457031,2156.300048828125,16.007142611912318,15.232133293151856,0.02073050698662926
2024-03-20,81.68000030517578,14.680000305175781,83.04239654541016,2157.89990234375,15.865714073181152,15.321133295694986,0.009066731007401074
2024-03-21,81.06999969482422,15.270000457763672,83.05460357666016,2182.39990234375,15.641428402491979,15.38313331604004,-0.021444841132737036
2024-03-22,80.62999725341797,14.729999542236328,83.22660064697266,2158.10009765625,15.52857140132359,15.475466664632162,-0.007468175906861663
2024-03-23,80.62999725341797,14.729999542236328,83.22660064697266,2158.10009765625,15.391428538731166,15.534799989064535,-0.005427438547706553
2024-03-24,80.62999725341797,14.729999542236328,83.22660064697266,2158.10009765625,15.25428567613874,15.575466632843018,0.0
2024-03-25,81.94999694824219,14.069999694824219,83.59359741210938,2174.800048828125,15.117142813546318,15.588566621144613,0.0
2024-03-26,81.62000274658203,13.380000114440918,83.41739654541016,2175.60009765625,14.814285550798688,15.57966661453247,0.01637107453539266
2024-03-27,81.3499984741211,13.350000381469727,83.34549713134766,2190.60009765625,14.512857028416224,15.547766621907552,-0.004026775032933472
2024-03-28,83.16999816894531,13.859999656677246,83.36499786376953,2217.39990234375,14.32285703931536,15.534999974568684,-0.003308064976415892
2024-03-29,83.16999816894531,13.859999656677246,83.39299774169922,2217.39990234375,14.12142835344587,15.515333302815755,0.022372461327128335
2024-03-30,83.16999816894531,13.859999656677246,83.39299774169922,2217.39990234375,13.997142655508858,15.476333300272623,0.0
2024-03-31,83.16999816894531,13.859999656677246,83.39299774169922,2217.39990234375,13.872856957571846,15.429999955495198,0.0
2024-04-01,83.70999908447266,13.890000343322754,83.36479949951172,2236.5,13.748571259634835,15.355333264668783,0.0
2024-04-02,85.1500015258789,12.699999809265137,83.40969848632812,2261.0,13.722857066563197,15.28166659673055,0.006492736893301654
2024-04-03,85.43000030517578,13.319999694824219,83.35030364990234,2294.39990234375,13.6257141658238,15.16833324432373,0.017202275201952055
2024-04-04,86.58999633789062,12.710000038146973,83.37329864501953,2288.800048828125,13.62142835344587,15.071333249409994,0.0032883003438559655
2024-04-05,86.91000366210938,12.850000381469727,83.47779846191406,2325.699951171875,13.45714269365583,14.969999917348225,0.013578321767190316
2024-04-06,86.91000366210938,12.850000381469727,83.47779846191406,2325.699951171875,13.3128570829119,14.879333273569744,0.003695661597790334
2024-04-07,86.91000366210938,12.850000381469727,83.47779846191406,2325.699951171875,13.168571472167969,14.75999994277954,0.0
2024-04-08,86.43000030517578,12.510000228881836,83.29679870605469,2331.699951171875,13.024285861424037,14.626999950408935,0.0
2024-04-09,85.2300033569336,12.779999732971191,83.26959991455078,2343.5,12.827142987932477,14.482666619618733,-0.005522993173487367
2024-04-10,86.20999908447266,13.5,83.22429656982422,2329.60009765625,12.838571548461914,14.347333272298178,-0.01388403267389926
2024-04-11,85.0199966430664,13.539999961853027,83.4126968383789,2354.800048828125,12.86428587777274,14.262666575113933,0.011498248139624634
2024-04-12,85.66000366210938,13.670000076293945,83.34929656982422,2356.199951171875,12.982857295445033,14.164666589101156,-0.013803531539772207
2024-04-13,85.66000366210938,13.670000076293945,83.34929656982422,2356.199951171875,13.10000010899135,14.078666591644287,0.007527723409939346
2024-04-14,85.66000366210938,13.670000076293945,83.34929656982422,2356.199951171875,13.217142922537667,13.998999945322673,0.0
2024-04-15,85.41000366210938,13.5600004196167,83.61109924316406,2365.800048828125,13.334285736083984,13.931666628519695,0.0
2024-04-16,85.36000061035156,13.399999618530273,83.50599670410156,2390.800048828125,13.484285763331822,13.860666656494141,-0.0029185149347662476
2024-04-17,82.69000244140625,13.8100004196167,83.6675033569336,2371.699951171875,13.572857175554548,13.784333324432373,-0.0005854472498986185
2024-04-18,82.7300033569336,13.430000305175781,83.5958023071289,2382.300048828125,13.617142949785505,13.704999987284342,-0.03127926604796116
2024-04-19,83.13999938964844,13.609999656677246,83.54499816894531,2398.39990234375,13.601428713117327,13.636333338419597,0.00048374548731788813
2024-04-20,83.13999938964844,13.609999656677246,83.54499816894531,2398.39990234375,13.592857224600655,13.600666650136311,0.004955832419659689
2024-04-21,83.13999938964844,13.609999656677246,83.54499816894531,2398.39990234375,13.584285736083984,13.545333290100098,0.0
2024-04-22,82.8499984741211,13.029999732971191,83.38529968261719,2332.199951171875,13.575714247567314,13.507999960581461,0.0
2024-04-23,83.36000061035156,13.399999618530273,83.38619995117188,2327.699951171875,13.499999863760811,13.451333300272625,-0.003488103411791066
2024-04-24,82.80999755859375,13.15999984741211,83.2833023071289,2324.5,13.499999863760811,13.406999969482422,0.00615572897553851
2024-04-25,83.56999969482422,13.020000457763672,83.3405990600586,2329.800048828125,13.407142639160156,13.376666641235351,-0.006597925236693336
2024-04-26,83.8499984741211,12.819999694824219,83.30180358886719,2334.800048828125,13.348571232386998,13.364666652679443,0.009177661618607225
2024-04-27,83.8499984741211,12.819999694824219,83.30180358886719,2334.800048828125,13.235714094979423,13.346999963124594,0.00335047002895017
2024-04-28,83.8499984741211,12.819999694824219,83.30180358886719,2334.800048828125,13.122856957571846,13.312333297729491,0.0
2024-04-29,82.62999725341797,12.600000381469727,83.40229797363281,2345.39990234375,13.009999820164271,13.277666632334391,0.0
2024-04-30,81.93000030517578,12.710000038146973,83.45110321044922,2291.39990234375,12.948571341378349,13.235666656494141,-0.014549806116927466
2024-05-01,79.0,12.6899995803833,83.49839782714844,2299.89990234375,12.849999972752162,13.197333335876465,-0.008471462804184426
2024-05-02,78.94999694824219,13.460000038146973,83.40640258789062,2299.199951171875,12.782857077462333,13.15733331044515,-0.035762239646796146
2024-05-03,78.11000061035156,13.449999809265137,83.40630340576172,2299.0,12.845714160374232,13.182666651407878,-0.0006329500222508333
2024-05-04,78.11000061035156,13.449999809265137,83.40630340576172,2299.0,12.935714176722936,13.186999988555907,-0.01063959937124892
2024-05-05,78.11000061035156,13.449999809265137,83.40630340576172,2299.0,13.025714193071638,13.21166664759318,0.0
2024-05-06,78.4800033569336,13.569999694824219,83.37999725341797,2321.60009765625,13.115714209420341,13.231666628519694,0.0
2024-05-07,78.37999725341797,14.600000381469727,83.4728012084961,2315.199951171875,13.254285539899554,13.255666605631511,0.004736944612608207
2024-05-08,78.98999786376953,13.930000305175781,83.46990203857422,2313.60009765625,13.524285588945661,13.313999938964844,-0.0012742877069052971
2024-05-09,79.26000213623047,13.65999984741211,83.46430206298828,2332.10009765625,13.701428549630302,13.361333274841309,0.007782605661228903
2024-05-10,78.26000213623047,13.739999771118164,83.45939636230469,2367.300048828125,13.729999950953893,13.390666611989339,0.0034182083778075967
2024-05-11,78.26000213623047,13.739999771118164,83.45939636230469,2367.300048828125,13.771428516932897,13.398666604359944,-0.01261670417673244
2024-05-12,78.26000213623047,13.739999771118164,83.45939636230469,2367.300048828125,13.8128570829119,13.405333264668782,0.0
2024-05-13,79.12000274658203,13.270000457763672,83.5248031616211,2336.10009765625,13.854285648890905,13.40766658782959,0.0
2024-05-14,78.0199966430664,12.949999809265137,83.50550079345703,2353.39990234375,13.811428615025111,13.394333267211914,0.010989018488071656
2024-05-15,78.62999725341797,12.619999885559082,83.52420043945312,2388.699951171875,13.575714247567314,13.370333258310954,-0.013903008914684878
2024-05-16,79.2300033569336,12.75,83.40509796142578,2380.0,13.388571330479213,13.3389999071757,0.007818516234270767
2024-05-17,80.05999755859375,12.729999542236328,83.47010040283203,2412.199951171875,13.258571352277484,13.31733325322469,0.00763075320455453
2024-05-18,80.05999755859375,12.729999542236328,83.47010040283203,2412.199951171875,13.114285605294365,13.28133322397868,0.01047575623493291
2024-05-19,80.05999755859375,12.729999542236328,83.47010040283203,2412.199951171875,12.969999858311244,13.25799986521403,0.0
2024-05-20,79.80000305175781,12.829999923706055,83.30039978027344,2433.89990234375,12.825714111328125,13.228666528065999,0.0
2024-05-21,79.26000213623047,12.380000114440918,83.31500244140625,2421.699951171875,12.762856892177037,13.20266653696696,-0.0032474958126954556
2024-05-22,77.56999969482422,12.140000343322754,83.31680297851562,2389.199951171875,12.681428364345006,13.161666552225748,-0.0067669285072220475
2024-05-23,76.87000274658203,12.100000381469727,83.26709747314453,2335.0,12.612857001168388,13.131999905904134,-0.021322260861178277
2024-05-24,77.72000122070312,12.260000228881836,83.2863998413086,2332.5,12.51999991280692,13.088666598002115,-0.009024067951477588
2024-05-25,77.72000122070312,12.260000228881836,83.2863998413086,2332.5,12.452857153756279,13.058666610717774,0.01105760951932444
2024-05-26,77.72000122070312,12.260000228881836,83.2863998413086,2332.5,12.385714394705635,13.033333269755046,0.0
2024-05-27,77.72000122070312,12.260000228881836,83.05220031738281,2332.5,12.318571635654994,13.0146666208903,0.0
2024-05-28,79.83000183105469,12.0,83.14569854736328,2355.199951171875,12.237143107822963,12.995999972025553,0.0
2024-05-29,79.2300033569336,12.079999923706055,83.20649719238281,2340.300048828125,12.182857377188546,12.968666648864746,0.027148746490105458
2024-05-30,77.91000366210938,12.15999984741211,83.3656005859375,2342.89990234375,12.174285888671875,12.951333300272625,-0.007515952152811867
2024-05-31,76.98999786376953,11.9399995803833,83.3208999633789,2322.89990234375,12.182857240949359,12.932999960581462,-0.016660351368124715
2024-06-01,76.98999786376953,11.9399995803833,83.3208999633789,2322.89990234375,12.137142862592425,12.907999960581462,-0.011808570852208544
2024-06-02,76.98999786376953,11.9399995803833,83.3208999633789,2322.89990234375,12.091428484235491,12.857333278656006,0.0
2024-06-03,74.22000122070312,12.119999885559082,83.45079803466797,2346.60009765625,12.045714105878558,12.806999937693279,0.0
2024-06-04,73.25,12.25,83.09339904785156,2325.5,12.02571405683245,12.762666606903077,-0.035978655928368686
2024-06-05,74.06999969482422,12.0600004196167,83.62940216064453,2354.10009765625,12.061428342546735,12.722666613260905,-0.013069269802606143
2024-06-06,75.55000305175781,12.0600004196167,83.38079833984375,2370.300048828125,12.058571270533971,12.67233330408732,0.011194535082924562
2024-06-07,75.52999877929688,11.84000015258789,83.47309875488281,2305.199951171875,12.044285637991768,12.58766663869222,0.019981144363863335
2024-06-08,75.52999877929688,11.84000015258789,83.47309875488281,2305.199951171875,12.030000005449567,12.517999966939291,-0.0002647818881917896
2024-06-09,75.52999877929688,11.84000015258789,83.47309875488281,2305.199951171875,12.015714372907366,12.457333310445149,0.0
2024-06-10,77.73999786376953,11.460000038146973,83.52760314941406,2307.699951171875,12.001428740365165,12.393999989827474,0.0
2024-06-11,77.9000015258789,11.420000076293945,83.52980041503906,2307.5,11.907143047877721,12.317999998728434,0.029259885081295955
2024-06-12,78.5,11.9399995803833,83.5968017578125,2336.0,11.788571630205427,12.240666675567628,0.0020581896900713215
2024-06-13,78.62000274658203,12.119999885559082,83.5343017578125,2300.199951171875,11.771428653172084,12.196333312988282,0.007702162546450841
2024-06-14,78.44999694824219,11.770000457763672,83.52210235595703,2331.39990234375,11.780000005449567,12.168666648864747,0.0015286974086883287
2024-06-15,78.44999694824219,11.770000457763672,83.52210235595703,2331.39990234375,11.770000049046107,12.140333334604898,-0.0021623733452137417
2024-06-16,78.44999694824219,11.770000457763672,83.52210235595703,2331.39990234375,11.760000092642647,12.10766668319702,0.0
2024-06-17,80.33000183105469,11.960000038146973,83.55180358886719,2312.39990234375,11.750000136239189,12.0756667137146,0.0
2024-06-18,81.56999969482422,11.869999885559082,83.51010131835938,2330.39990234375,11.82142870766776,12.050000063578288,0.02396437165004417
2024-06-19,81.56999969482422,11.869999885559082,83.37409973144531,2330.39990234375,11.885714394705635,12.021333408355712,0.015436298213678867
2024-06-20,82.16999816894531,11.920000076293945,83.41950225830078,2353.800048828125,11.875714438302177,11.989333407084148,0.0
2024-06-21,80.7300033569336,11.779999732971191,83.60160064697266,2316.39990234375,11.847143036978585,11.974000072479248,0.007355626779034674
2024-06-22,80.7300033569336,11.779999732971191,83.60160064697266,2316.39990234375,11.848571504865374,11.962000052134195,-0.017524581283925866
2024-06-23,80.7300033569336,11.779999732971191,83.60160064697266,2316.39990234375,11.849999972752162,11.951333363850912,0.0
2024-06-24,81.62999725341797,11.4399995803833,83.5625,2330.0,11.851428440638951,11.935333347320556,0.0
2024-06-25,80.83000183105469,11.399999618530273,83.46040344238281,2316.60009765625,11.777142660958427,11.907999992370605,0.011148195950211992
2024-06-26,80.9000015258789,11.800000190734863,83.41459655761719,2299.199951171875,11.709999765668597,11.879333305358887,-0.009800262762226009
2024-06-27,81.73999786376953,11.920000076293945,83.58039855957031,2324.5,11.699999809265137,11.863999970753987,0.000866011298261915
2024-06-28,81.54000091552734,12.239999771118164,83.45089721679688,2327.699951171875,11.699999809265137,11.861333306630453,0.010383143659421501
2024-06-29,81.54000091552734,12.239999771118164,83.45089721679688,2327.699951171875,11.76571410042899,11.866666634877523,-0.0024467452100440656
2024-06-30,81.54000091552734,12.239999771118164,83.45089721679688,2327.699951171875,11.831428391592842,11.869333299001058,0.0
2024-07-01,83.37999725341797,12.5,83.36750030517578,2327.60009765625,11.897142682756696,11.879333305358887,0.0
2024-07-02,82.80999755859375,11.859999656677246,83.44129943847656,2323.0,12.04857131413051,11.897999986012776,0.02256556680440558
2024-07-03,83.87999725341797,12.0,83.4791030883789,2359.800048828125,12.114285605294365,11.895333321889241,-0.00683616830895073
2024-07-04,83.87999725341797,12.0,83.49120330810547,2359.800048828125,12.142857006617955,11.891333325703938,0.01292114148496526
2024-07-05,83.16000366210938,11.329999923706055,83.49340057373047,2388.5,12.154285567147392,11.882999992370605,0.0
2024-07-06,83.16000366210938,11.329999923706055,83.49340057373047,2388.5,12.024285588945661,11.858666642506916,-0.00858361486509529
2024-07-07,83.16000366210938,11.329999923706055,83.49340057373047,2388.5,11.894285610743932,11.83433329264323,0.0
2024-07-08,82.33000183105469,11.520000457763672,83.47209930419922,2355.199951171875,11.764285632542201,11.817333285013834,0.0
2024-07-09,81.41000366210938,11.65999984741211,83.45760345458984,2360.10009765625,11.624285697937012,11.806666628519695,-0.009980781559691843
2024-07-10,82.0999984741211,11.979999542236328,83.49299621582031,2372.199951171875,11.595714296613421,11.800666618347169,-0.011174518990454962
2024-07-11,82.62000274658203,11.9399995803833,83.49590301513672,2415.0,11.592857088361468,11.817999935150146,0.008475553138107328
2024-07-12,82.20999908447266,12.079999923706055,83.51850128173828,2414.0,11.584285599844796,11.835333251953125,0.006333791499701924
2024-07-13,82.20999908447266,12.079999923706055,83.51850128173828,2414.0,11.691428456987653,11.839999930063884,-0.004962522978448347
2024-07-14,82.20999908447266,12.079999923706055,83.51850128173828,2414.0,11.79857131413051,11.838666598002115,0.0
2024-07-15,81.91000366210938,11.720000267028809,83.52030181884766,2422.89990234375,11.905714171273369,11.848999913533529,0.0
2024-07-16,80.76000213623047,11.600000381469727,83.58760070800781,2462.39990234375,11.93428557259696,11.847333240509034,-0.003649135454374952
2024-07-17,82.8499984741211,11.6899995803833,83.52960205078125,2454.800048828125,11.925714220319476,11.841666571299235,-0.014039817781266728
2024-07-18,82.81999969482422,11.800000190734863,83.57209777832031,2451.800048828125,11.884285654340472,11.832666556040445,0.025879102062987824
2024-07-19,80.12999725341797,11.760000228881836,83.67430114746094,2395.5,11.864285741533552,11.830333232879639,-0.0003620854538246565
2024-07-20,80.12999725341797,11.760000228881836,83.67430114746094,2395.5,11.818571499415807,11.826666577657063,-0.03248010687416558
2024-07-21,80.12999725341797,11.760000228881836,83.67430114746094,2395.5,11.77285725729806,11.821333249409994,0.0
2024-07-22,79.77999877929688,11.770000457763672,83.73030090332031,2392.0,11.727143015180316,11.820666599273682,0.0
2024-07-23,76.95999908447266,11.489999771118164,83.67130279541016,2404.60009765625,11.73428589957101,11.820333290100098,-0.004367883266165551
2024-07-24,77.58999633789062,11.640000343322754,83.70680236816406,2413.300048828125,11.718571526663643,11.810666624704997,-0.035347201528862615
2024-07-25,78.27999877929688,11.359999656677246,83.74299621582031,2351.89990234375,11.711428778512138,11.817333316802978,0.00818603509501692
2024-07-26,77.16000366210938,11.0600004196167,83.73760223388672,2380.0,11.648571559361049,11.815999984741211,0.00889293045460926
2024-07-27,77.16000366210938,11.0600004196167,83.73760223388672,2380.0,11.548571586608887,11.791333325703938,-0.014307551541297592
2024-07-28,77.16000366210938,11.0600004196167,83.73760223388672,2380.0,11.448571613856725,11.762666670481364,0.0
2024-07-29,75.80999755859375,11.229999542236328,83.72779846191406,2377.300048828125,11.348571641104561,11.723333358764648,0.0
2024-07-30,74.7300033569336,10.829999923706055,83.75050354003906,2405.0,11.271428653172084,11.689666684468587,-0.017496190246794496
2024-07-31,77.91000366210938,10.720000267028809,83.73899841308594,2426.5,11.17714296068464,11.64266668955485,-0.014246065643590433
2024-08-01,76.30999755859375,10.890000343322754,83.7177963256836,2435.0,11.045714378356934,11.583333365122478,0.04255319366154864
2024-08-02,73.5199966430664,10.9399995803833,83.743896484375,2425.699951171875,10.978571619306292,11.551000054677328,-0.02053659386867379
2024-08-03,73.5199966430664,10.9399995803833,83.743896484375,2425.699951171875,10.96142864227295,11.51566670735677,-0.03656140747986625
2024-08-04,73.5199966430664,10.9399995803833,83.743896484375,2425.699951171875,10.944285665239606,11.480333360036214,0.0
2024-08-05,72.94000244140625,10.770000457763672,83.73529815673828,2401.699951171875,10.927142688206263,11.467333348592122,0.0
2024-08-06,73.19999694824219,10.979999542236328,84.00260162353516,2389.10009765625,10.861428533281599,11.448666699727376,-0.007888931285946366
2024-08-07,75.2300033569336,10.770000457763672,83.93489837646484,2390.5,10.882857050214495,11.437000020345051,0.0035644981921243435
2024-08-08,76.19000244140625,10.899999618530273,83.94239807128906,2422.199951171875,10.88999993460519,11.412000020345053,0.02773232914376722
2024-08-09,76.83999633789062,10.710000038146973,83.98899841308594,2432.10009765625,10.891428402491979,11.386666679382325,0.012760853936399252
2024-08-10,76.83999633789062,10.710000038146973,83.98899841308594,2432.10009765625,10.858571325029645,11.344333362579345,0.008531222938130911
2024-08-11,76.83999633789062,10.710000038146973,83.98899841308594,2432.10009765625,10.825714247567314,11.303333377838134,0.0
2024-08-12,80.05999755859375,10.579999923706055,83.94979858398438,2462.39990234375,10.79285717010498,11.257666714986165,0.0
2024-08-13,78.3499984741211,10.829999923706055,83.88999938964844,2466.699951171875,10.765714236668178,11.207666714986166,0.0419052755617495
2024-08-14,76.9800033569336,10.899999618530273,83.88200378417969,2439.39990234375,10.744285719735283,11.166000048319498,-0.021358969980247
2024-08-15,78.16000366210938,10.770000457763672,83.97149658203125,2453.10009765625,10.762857028416224,11.138666693369547,-0.017485579372921167
2024-08-16,76.6500015258789,10.6899995803833,83.94830322265625,2498.60009765625,10.744285719735283,11.111000029246012,0.01532866008987388
2024-08-17,76.6500015258789,10.6899995803833,83.94830322265625,2498.60009765625,10.74142851148333,11.07766669591268,-0.01931937135978523
2024-08-18,76.6500015258789,10.6899995803833,83.94830322265625,2498.60009765625,10.738571303231376,11.040666675567627,0.0
2024-08-19,74.37000274658203,10.449999809265137,83.88980102539062,2501.800048828125,10.735714094979423,11.004999987284343,0.0
2024-08-20,74.04000091552734,10.6899995803833,83.87860107421875,2511.300048828125,10.71714265005929,10.961333306630452,-0.029745580351059675
2024-08-21,71.93000030517578,10.800000190734863,83.77940368652344,2508.39990234375,10.697142601013184,10.925666618347169,-0.004437297550992092
2024-08-22,73.01000213623047,10.592000007629395,83.88860321044922,2478.89990234375,10.682856968470983,10.893333276112875,-0.028498117021350078
2024-08-23,74.83000183105469,10.40999984741211,83.94059753417969,2508.39990234375,10.657428332737513,10.863399950663249,0.0150146229177337
2024-08-24,74.83000183105469,10.40999984741211,83.94059753417969,2508.39990234375,10.617428370884486,10.822399934132894,0.024928087132886967
2024-08-25,74.83000183105469,10.40999984741211,83.94059753417969,2508.39990234375,10.577428409031459,10.790733273824056,0.0
2024-08-26,77.41999816894531,10.65999984741211,83.81379699707031,2517.699951171875,10.537428447178431,10.769066588083904,0.0
2024-08-27,75.52999877929688,10.6899995803833,83.88369750976562,2516.0,10.567428452627999,10.755733235677083,0.03461173693057118
2024-08-28,74.5199966430664,10.694999694824219,83.92160034179688,2501.0,10.567428452627999,10.743399874369304,-0.0244122892579266
2024-08-29,75.91000366210938,11.140000343322754,83.94149780273438,2525.699951171875,10.552428381783622,10.725566546122232,-0.013372198498000198
2024-08-30,73.55000305175781,11.109999656677246,83.89510345458984,2493.800048828125,10.63071414402553,10.73589989344279,0.018652805712012777
2024-08-31,73.55000305175781,11.109999656677246,83.89510345458984,2493.800048828125,10.730714116777692,10.748899873097738,-0.03108945457118406
2024-09-01,73.55000305175781,11.109999656677246,83.89510345458984,2493.800048828125,10.830714089529854,10.756233183542887,0.0
2024-09-02,73.55000305175781,11.109999656677246,83.86380004882812,2493.800048828125,10.930714062282018,10.761899852752686,0.0
2024-09-03,70.33999633789062,10.5,83.92729949951172,2489.89990234375,10.994999749319893,10.767566521962484,0.0
2024-09-04,69.19999694824219,10.619999885559082,83.95030212402344,2493.39990234375,10.967856952122279,10.75289986928304,-0.043643869213822795
2024-09-05,69.1500015258789,10.739999771118164,83.98249816894531,2511.39990234375,10.95714269365583,10.747899850209555,-0.016206986764290554
2024-09-06,67.66999816894531,10.739999771118164,83.98359680175781,2493.5,10.899999754769462,10.739899857838948,-0.0007224772336431595
2024-09-07,67.66999816894531,10.739999771118164,83.98359680175781,2493.5,10.847142628261022,10.738899834950765,-0.021402795723434842
2024-09-08,67.66999816894531,10.739999771118164,83.98359680175781,2493.5,10.794285501752581,10.733566506703694,0.0
2024-09-09,68.70999908447266,10.569999694824219,83.98259735107422,2501.800048828125,10.74142837524414,10.734566497802735,0.0
2024-09-10,65.75,10.5600004196167,83.98090362548828,2512.300048828125,10.66428552355085,10.729899819691976,0.015368714994359323
2024-09-11,67.30999755859375,10.75,83.98200225830078,2512.10009765625,10.672857012067523,10.724899832407633,-0.0430795972043837
2024-09-12,68.97000122070312,10.619999885559082,83.99259948730469,2551.199951171875,10.691428456987653,10.730566501617432,0.02372619860979097
2024-09-13,68.6500015258789,10.270000457763672,83.93479919433594,2581.300048828125,10.6742856161935,10.723566500345866,0.02466206688931072
2024-09-14,68.6500015258789,10.270000457763672,83.93479919433594,2581.300048828125,10.607142857142858,10.702566528320313,-0.004639693912723342
2024-09-15,68.6500015258789,10.270000457763672,83.93479919433594,2581.300048828125,10.540000098092216,10.685899861653645,0.0
2024-09-16,70.08999633789062,10.369999885559082,83.88480377197266,2580.39990234375,10.472857339041573,10.671899890899658,0.0
2024-09-17,71.19000244140625,10.350000381469727,83.88400268554688,2564.300048828125,10.444285937717982,10.661233234405518,0.020975889002258663
2024-09-18,70.91000366210938,10.680000305175781,83.77059936523438,2570.699951171875,10.414285932268415,10.649899927775065,0.015694195477093498
2024-09-19,71.94999694824219,10.569999694824219,83.69170379638672,2588.0,10.404285975864955,10.657566610972086,-0.003933119394501139
2024-09-20,71.91999816894531,10.399999618530273,83.61470031738281,2619.89990234375,10.39714309147426,10.653566614786785,0.014666383195923283
2024-09-21,71.91999816894531,10.399999618530273,83.61470031738281,2619.89990234375,10.415714400155204,10.640233262379963,-0.0004169392712893849
2024-09-22,71.91999816894531,10.399999618530273,83.61470031738281,2619.89990234375,10.434285708836146,10.633833249409994,0.0
2024-09-23,70.37000274658203,10.619999885559082,83.48709869384766,2626.5,10.45285701751709,10.633499908447266,0.0
2024-09-24,71.55999755859375,10.739999771118164,83.55960083007812,2651.199951171875,10.488571303231376,10.640499909718832,-0.021551661037618852
2024-09-25,69.69000244140625,10.649999618530273,83.56759643554688,2659.199951171875,10.544285501752581,10.6514999071757,0.016910540934567786
2024-09-26,67.66999816894531,10.720000267028809,83.62409973144531,2669.89990234375,10.539999689374651,10.651166566212972,-0.026131849929932338
2024-09-27,68.18000030517578,10.449999809265137,83.61710357666016,2644.300048828125,10.561428342546735,10.652166589101155,-0.02898556753760073
2024-09-28,68.18000030517578,10.449999809265137,83.61710357666016,2644.300048828125,10.568571226937431,10.643999926249187,0.007536606325260875
2024-09-29,68.18000030517578,10.449999809265137,83.61710357666016,2644.300048828125,10.575714111328125,10.620999908447265,0.0
2024-09-30,68.16999816894531,10.739999771118164,83.71640014648438,2636.10009765625,10.582856995718819,10.598999913533529,0.0
2024-10-01,69.83000183105469,10.1899995803833,83.82730102539062,2667.300048828125,10.599999836512975,10.586666584014893,-0.00014670190944121586
2024-10-02,70.0999984741211,10.079999923706055,83.87210083007812,2647.10009765625,10.521428380693708,10.555999914805094,0.024350941861482678
2024-10-03,73.70999908447266,10.350000381469727,83.91960144042969,2657.10009765625,10.439999852861677,10.521666590372721,0.0038664848344072134
2024-10-04,74.37999725341797,10.260000228881836,84.0093994140625,2645.800048828125,10.387142726353236,10.516666603088378,0.051497870027547465
2024-10-05,74.37999725341797,10.260000228881836,84.0093994140625,2645.800048828125,10.359999929155622,10.504666614532471,0.009089651027908596
2024-10-06,74.37999725341797,10.260000228881836,84.0093994140625,2645.800048828125,10.332857131958008,10.48866662979126,0.0
2024-10-07,77.13999938964844,10.220000267028809,84.02780151367188,2644.800048828125,10.305714334760394,10.47266664505005,0.0
2024-10-08,73.56999969482422,9.789999961853027,83.96410369873047,2615.0,10.231428691319056,10.45533332824707,0.03710677921682293
2024-10-09,73.23999786376953,9.329999923706055,83.91459655761719,2606.0,10.174285888671875,10.423666667938232,-0.04627948824307726
2024-10-10,75.8499984741211,9.539999961853027,83.94219970703125,2620.60009765625,10.067143031529017,10.382333342234293,-0.004485548897968816
2024-10-11,75.55999755859375,9.40999984741211,83.94599914550781,2657.60009765625,9.95142868586949,10.348333326975505,0.035636273709432675
2024-10-12,75.55999755859375,9.40999984741211,83.94599914550781,2657.60009765625,9.830000059945244,10.303666655222575,-0.0038233476778023467
2024-10-13,75.55999755859375,9.40999984741211,83.94599914550781,2657.60009765625,9.708571434020996,10.263333320617676,0.0
2024-10-14,73.83000183105469,9.039999961853027,84.16829681396484,2647.800048828125,9.587142808096749,10.234666633605958,0.0
2024-10-15,70.58000183105469,8.520000457763672,84.04850006103516,2661.39990234375,9.41857133592878,10.193666617075602,-0.02289565621276679
2024-10-16,70.38999938964844,8.100000381469727,84.05619812011719,2674.0,9.237142835344587,10.135333283742268,-0.044020044960001226
2024-10-17,70.66999816894531,8.420000076293945,84.03929901123047,2691.0,9.061428615025111,10.059666633605957,-0.002692015251870572
2024-10-18,69.22000122070312,8.220000267028809,84.05380249023438,2713.699951171875,8.901428631373815,9.995333290100097,0.003977820453541003
2024-10-19,69.22000122070312,8.220000267028809,84.05380249023438,2713.699951171875,8.731428691319056,9.913333288828532,-0.020517857447453047
2024-10-20,69.22000122070312,8.220000267028809,84.05380249023438,2713.699951171875,8.5614287512643,9.834999974568685,0.0
2024-10-21,70.55999755859375,7.929999828338623,84.0687026977539,2723.10009765625,8.391428811209542,9.762333329518636,0.0
2024-10-22,72.08999633789062,7.929999828338623,84.07350158691406,2744.199951171875,8.232857363564628,9.680000003178915,0.01935851364142782
2024-10-23,70.7699966430664,8.0600004196167,84.08399963378906,2714.39990234375,8.148571559361049,9.597666676839193,0.02168365691943719
2024-10-24,70.19000244140625,7.929999828338623,84.06759643554688,2734.89990234375,8.142857279096331,9.51233336130778,-0.018310441973630964
2024-10-25,71.77999877929688,7.809999942779541,84.08180236816406,2740.89990234375,8.072857243674141,9.418666696548462,-0.00819548154828098
2024-10-26,71.77999877929688,7.809999942779541,84.08180236816406,2740.89990234375,8.01428576878139,9.324000040690104,0.022652746581935723
2024-10-27,71.77999877929688,7.809999942779541,84.08180236816406,2740.89990234375,7.955714293888637,9.227000029881795,0.0
2024-10-28,67.37999725341797,7.53000020980835,84.10199737548828,2742.89990234375,7.897142818995884,9.139000034332275,0.0
2024-10-29,67.20999908447266,7.869999885559082,84.10279846191406,2768.39990234375,7.840000016348703,9.041666714350383,-0.06129843411404423
2024-10-30,68.61000061035156,7.480000019073486,84.08930206298828,2788.5,7.831428595951626,8.955666716893514,-0.0025229767865074804
2024-10-31,69.26000213623047,7.480000019073486,84.08910369873047,2738.300048828125,7.748571395874023,8.847000058492025,0.020830256583091344
2024-11-01,69.48999786376953,7.46999979019165,84.09149932861328,2738.60009765625,7.684285708836147,8.756666739781698,0.009473859788609929
2024-11-02,69.48999786376953,7.46999979019165,84.09149932861328,2738.60009765625,7.635714258466448,8.669666735331218,0.003320758308477556
2024-11-03,69.48999786376953,7.46999979019165,84.09149932861328,2738.60009765625,7.58714280809675,8.573666715621949,0.0
2024-11-04,71.47000122070312,7.78000020980835,84.13359832763672,2736.10009765625,7.538571357727051,8.480666700998942,0.0
2024-11-05,71.98999786376953,7.849999904632568,84.15249633789062,2740.300048828125,7.574285643441336,8.398000033696492,0.02849335757378002
2024-11-06,71.69000244140625,7.650000095367432,84.11630249023438,2667.60009765625,7.571428503308978,8.31766668955485,0.007275732953475611
2024-11-07,72.36000061035156,7.889999866485596,84.2511978149414,2698.39990234375,7.595714228493827,8.232000017166138,-0.00416718198729471
2024-11-08,70.37999725341797,8.149999618530273,84.306396484375,2687.5,7.6542856352669855,8.16866668065389,0.009345768532968313
2024-11-09,70.37999725341797,8.149999618530273,84.306396484375,2687.5,7.751428467886789,8.129333337148031,-0.02736323024091214
2024-11-10,70.37999725341797,8.149999618530273,84.306396484375,2687.5,7.848571300506592,8.082999992370606,0.0
2024-11-11,68.04000091552734,8.460000038146973,84.38289642333984,2611.199951171875,7.945714133126395,8.04099998474121,0.0
2024-11-12,68.12000274658203,8.300000190734863,84.39649963378906,2600.0,8.042856965746198,8.009333324432372,-0.03324803110555652
2024-11-13,68.43000030517578,8.489999771118164,84.39530181884766,2580.800048828125,8.107142720903669,7.972333335876465,0.0011758058491799783
2024-11-14,68.69999694824219,8.449999809265137,84.4229965209961,2568.199951171875,8.227142674582344,7.953999996185303,0.004550756695459901
2024-11-15,67.0199966430664,8.5,84.47380065917969,2565.699951171875,8.307142666407994,7.951666641235351,0.003945588804067146
2024-11-16,67.0199966430664,8.5,84.47380065917969,2565.699951171875,8.357142720903669,7.964999961853027,-0.02445415400005735
2024-11-17,67.0199966430664,8.5,84.47380065917969,2565.699951171875,8.407142775399345,7.9676666259765625,0.0
2024-11-18,69.16000366210938,7.989999771118164,84.47750091552734,2610.60009765625,8.45714282989502,7.976999950408936,0.0
2024-11-19,69.38999938964844,7.800000190734863,84.39849853515625,2627.10009765625,8.38999993460519,7.969333267211914,0.0319308732651864
2024-11-20,68.87000274658203,7.664000034332275,84.39759826660156,2648.199951171875,8.318571363176618,7.955333264668782,0.0033255597941077575
2024-11-21,70.0999984741211,7.5,84.38310241699219,2672.10009765625,8.200571400778633,7.946466604868571,-0.007493826886298849
2024-11-22,71.23999786376953,7.230000019073486,84.48829650878906,2709.89990234375,8.064857142312187,7.932133277257283,0.01785967298513147
2024-11-23,71.23999786376953,7.230000019073486,84.48829650878906,2709.89990234375,7.883428573608398,7.9044665972391766,0.01626247381544932
2024-11-24,71.23999786376953,7.230000019073486,84.48829650878906,2709.89990234375,7.702000004904611,7.881133270263672,0.0
2024-11-25,68.94000244140625,7.451000213623047,84.43599700927734,2616.800048828125,7.520571436200823,7.86179993947347,0.0
2024-11-26,68.7699966430664,7.409999847412109,84.37750244140625,2620.300048828125,7.443571499415806,7.84983328183492,-0.03228516972672435
2024-11-27,68.72000122070312,6.800000190734863,84.33910369873047,2639.89990234375,7.387857164655413,7.8364999453226725,-0.002465996407301163
2024-11-28,68.72000122070312,6.800000190734863,84.42030334472656,2639.89990234375,7.264428615570068,7.812166611353557,-0.0007269946895994694
2024-11-29,68.0,6.650000095367432,84.47160339355469,2657.0,7.164428642817906,7.776499954859416,0.0
2024-11-30,68.0,6.650000095367432,84.47160339355469,2657.0,7.081571510859898,7.74883329073588,-0.01047731676241892
2024-12-01,68.0,6.650000095367432,84.47160339355469,2657.0,6.99871437890189,7.721166626612345,0.0
2024-12-02,68.0999984741211,6.349999904632568,84.55699920654297,2634.89990234375,6.915857246943882,7.693833303451538,0.0
2024-12-03,69.94000244140625,6.349999904632568,84.73709869384766,2644.699951171875,6.758571488516671,7.656499973932902,0.0014705657958984375
2024-12-04,68.54000091552734,6.440000057220459,84.68309783935547,2653.800048828125,6.607142925262451,7.619166644414266,0.02701914843631581
2024-12-05,68.30000305175781,6.619999885559082,84.70700073242188,2626.60009765625,6.555714334760394,7.574499972661337,-0.020017178681853598
2024-12-06,67.19999694824219,6.489999771118164,84.68379974365234,2638.60009765625,6.530000005449567,7.533499972025553,-0.003501573687828219
2024-12-07,67.19999694824219,6.489999771118164,84.68379974365234,2638.60009765625,6.5071428162711005,7.494833294550578,-0.01610550592043225
2024-12-08,67.19999694824219,6.489999771118164,84.68379974365234,2638.60009765625,6.484285627092634,7.448166624704997,0.0
2024-12-09,68.37000274658203,6.199999809265137,84.66600036621094,2664.89990234375,6.461428437914167,7.392833296457926,0.0
2024-12-10,68.58999633789062,6.019999980926514,84.84729766845703,2697.60009765625,6.439999852861677,7.327833302815756,0.017410801361211092
2024-12-11,70.29000091552734,5.710000038146973,84.8740005493164,2733.800048828125,6.392857006617954,7.25683331489563,0.003217691713777171
2024-12-12,70.0199966430664,5.900000095367432,84.85710144042969,2687.5,6.288571289607456,7.165166648228963,0.02478502213736955
2024-12-13,71.29000091552734,6.099999904632568,84.83920288085938,2656.0,6.185714176722935,7.085166645050049,-0.003841289926648672
2024-12-14,71.29000091552734,6.099999904632568,84.83920288085938,2656.0,6.129999910082136,7.005499982833863,0.01813773683730524
2024-12-15,71.29000091552734,6.099999904632568,84.83920288085938,2656.0,6.074285643441336,6.9271666526794435,0.0
2024-12-16,70.70999908447266,6.070000171661377,84.802001953125,2651.39990234375,6.018571376800537,6.847166649500529,0.0
2024-12-17,70.08000183105469,5.849999904632568,84.91729736328125,2644.39990234375,6.0,6.766166655222575,-0.008135808999945704
2024-12-18,70.58000183105469,6.059999942779541,84.91539764404297,2636.5,5.975714274815151,6.677833318710327,-0.00890959215917042
2024-12-19,69.91000366210938,6.010000228881836,85.16549682617188,2592.199951171875,6.025714261191232,6.613499991099039,0.0071347030099311315
2024-12-20,69.45999908447266,6.21999979019165,85.27940368652344,2628.699951171875,6.041428565979004,6.5538333257039385,-0.009492747967746795
2024-12-21,69.45999908447266,6.21999979019165,85.27940368652344,2628.699951171875,6.058571406773159,6.505699984232584,-0.006436912517008175
2024-12-22,69.45999908447266,6.21999979019165,85.27940368652344,2628.699951171875,6.075714247567313,6.463033310572306,0.0
2024-12-23,69.23999786376953,6.25,84.94499969482422,2612.300048828125,6.092857088361468,6.429366636276245,0.0
2024-12-24,70.0999984741211,6.130000114440918,85.0988998413086,2620.0,6.1185713495527,6.396699968973795,-0.0031673081428574834
2024-12-25,70.0999984741211,6.130000114440918,85.18150329589844,2620.0,6.158571379525321,6.360033305486043,0.01242057534495622
2024-12-26,69.62000274658203,6.065000057220459,85.41339874267578,2638.800048828125,6.168571404048374,6.315999968846639,0.0
2024-12-27,70.5999984741211,6.099999904632568,85.26090240478516,2617.199951171875,6.176428522382464,6.271166642506917,-0.006847300113940302
2024-12-28,70.5999984741211,6.099999904632568,85.26090240478516,2617.199951171875,6.159285681588309,6.247833299636841,0.014076352899701217
2024-12-29,70.5999984741211,6.099999904632568,85.26090240478516,2617.199951171875,6.142142840794155,6.224499956766764,0.0
2024-12-30,70.98999786376953,5.920000076293945,85.38600158691406,2606.10009765625,6.125,6.206166617075602,0.0
2024-12-31,71.72000122070312,6.079999923706055,85.7865982055664,2629.199951171875,6.077857153756278,6.181833283106486,0.005524070794298952
2025-01-01,71.72000122070312,6.079999923706055,85.7865982055664,2629.199951171875,6.070714269365583,6.16283327738444,0.010283186067063577
2025-01-02,73.12999725341797,6.25,85.78569793701172,2658.89990234375,6.063571384974888,6.153833278020223,0.0
2025-01-03,73.95999908447266,6.260000228881836,85.80400085449219,2645.0,6.089999948229108,6.1504999478658045,0.01965973241377794
2025-01-04,73.95999908447266,6.260000228881836,85.80400085449219,2645.0,6.112857137407575,6.14449995358785,0.011349676770511463
2025-01-05,73.95999908447266,6.260000228881836,85.80400085449219,2645.0,6.135714326586042,6.132499965031942,0.0
2025-01-06,73.55999755859375,5.820000171661377,85.75900268554688,2638.39990234375,6.158571515764509,6.124833313624064,0.0
2025-01-07,74.25,5.630000114440918,85.68070220947266,2656.699951171875,6.144285815102713,6.102499993642171,-0.005408349524478107
2025-01-08,73.31999969482422,5.550000190734863,85.80650329589844,2664.5,6.080000128064837,6.073833338419596,0.009380131379920664
2025-01-09,73.91999816894531,5.550000190734863,85.90750122070312,2683.800048828125,6.004285880497524,6.052166684468587,-0.01252525663536408
2025-01-10,76.56999969482422,6.699999809265137,85.91999816894531,2708.5,5.904285907745361,6.036500024795532,0.008183285278483776
2025-01-11,76.56999969482422,6.699999809265137,85.91999816894531,2708.5,5.967142990657261,6.0695000171661375,0.03584958862988996
2025-01-12,76.56999969482422,6.699999809265137,85.91999816894531,2708.5,6.030000073569162,6.096166674296061,0.0
2025-01-13,78.81999969482422,5.840000152587891,86.18800354003906,2673.5,6.092857156481061,6.1161666711171465,0.0
2025-01-14,77.5,6.130000114440918,86.65059661865234,2677.5,6.095714296613421,6.107500012715658,0.029384876700634166
2025-01-15,80.04000091552734,5.889999866485596,86.535400390625,2712.5,6.167142868041992,6.108500019709269,-0.016747014716252284
2025-01-16,78.68000030517578,5.730000019073486,86.43099975585938,2746.39990234375,6.215714250292097,6.102500009536743,0.032774205361643105
2025-01-17,77.87999725341797,5.71999979019165,86.6061019897461,2744.300048828125,6.241428511483329,6.09850001335144,-0.01699151167910251
2025-01-18,77.87999725341797,5.71999979019165,86.6061019897461,2744.300048828125,6.101428508758545,6.0871666749318445,-0.010167806922405265
2025-01-19,77.87999725341797,5.71999979019165,86.6061019897461,2744.300048828125,5.961428506033761,6.077499993642172,0.0
2025-01-20,77.87999725341797,5.71999979019165,86.56900024414062,2744.300048828125,5.821428503308978,6.060833326975504,0.0
2025-01-21,75.88999938964844,5.610000133514404,86.21109771728516,2755.0,5.804285594395229,6.0441666603088375,0.0
2025-01-22,75.44000244140625,5.28000020980835,86.45189666748047,2767.60009765625,5.729999882834298,6.023833338419596,-0.025552104955707255
2025-01-23,74.62000274658203,5.139999866485596,86.47270202636719,2763.10009765625,5.642857074737549,5.991500012079874,-0.0059295948328017545
2025-01-24,74.66000366210938,5.139999866485596,86.44020080566406,2777.300048828125,5.5585713386535645,5.958500003814697,-0.010869560820350066
2025-01-25,74.66000366210938,5.139999866485596,86.44020080566406,2777.300048828125,5.475714206695557,5.92549999554952,0.0005360615660010559
2025-01-26,74.66000366210938,5.139999866485596,86.44020080566406,2777.300048828125,5.392857074737549,5.894666655858358,0.0
2025-01-27,73.16999816894531,5.320000171661377,86.2030029296875,2737.5,5.309999942779541,5.862666654586792,0.0
2025-01-28,73.7699966430664,5.28000020980835,86.46839904785156,2766.800048828125,5.252857140132359,5.836666663487752,-0.01995721162709041
2025-01-29,72.62000274658203,5.320000171661377,86.58460235595703,2769.10009765625,5.205714293888637,5.809333340326945,0.008200061352136911
2025-01-30,72.7300033569336,5.489999771118164,86.6406021118164,2823.0,5.211428574153355,5.789333343505859,-0.015588910787790566
2025-01-31,72.52999877929688,5.769999980926514,86.64700317382812,2812.5,5.261428560529437,5.76966667175293,0.0015147425804351577
2025-02-01,72.52999877929688,5.769999980926514,86.64700317382812,2812.5,5.351428576878139,5.759333340326945,-0.0027499596920842473
2025-02-02,72.52999877929688,5.769999980926514,86.64700317382812,2812.5,5.441428593226841,5.743333339691162,0.0
2025-02-03,73.16000366210938,5.46999979019165,86.55400085449219,2833.89990234375,5.531428609575544,5.726999998092651,0.0
2025-02-04,72.69999694824219,5.869999885559082,86.94339752197266,2853.300048828125,5.5528571265084405,5.700666650136312,0.00868612840777172
2025-02-05,71.02999877929688,5.989999771118164,87.13009643554688,2871.60009765625,5.6371427944728305,5.68766663869222,-0.006287680301271359
2025-02-06,70.61000061035156,5.800000190734863,87.33409881591797,2856.0,5.732857022966657,5.693333292007447,-0.022971089945632905
2025-02-07,71.0,5.860000133514404,87.58830261230469,2867.300048828125,5.777142797197614,5.698999961217244,-0.005912968832370691
2025-02-08,71.0,5.860000133514404,87.58830261230469,2867.300048828125,5.789999961853027,5.709333292643229,0.0055232882917048975
2025-02-09,71.0,5.860000133514404,87.58830261230469,2867.300048828125,5.8028571265084405,5.719666624069214,0.0
2025-02-10,72.31999969482422,5.78000020980835,87.51309967041016,2914.300048828125,5.815714291163853,5.691666634877523,0.0
2025-02-11,73.31999969482422,5.679999828338623,87.49009704589844,2912.5,5.86000006539481,5.660999981562297,0.018591544997524245
2025-02-12,71.37000274658203,5.510000228881836,86.81120300292969,2909.0,5.832857200077602,5.62699998219808,0.0138274336866675
2025-02-13,71.29000091552734,5.5,86.8740005493164,2925.89990234375,5.764285836900983,5.615999984741211,-0.02659570316910187
2025-02-14,70.73999786376953,5.639999866485596,86.75409698486328,2883.60009765625,5.721428666796003,5.594999980926514,-0.0011209447663713679
2025-02-15,70.73999786376953,5.639999866485596,86.75409698486328,2883.60009765625,5.690000057220459,5.58666664759318,-0.007715009744627688
2025-02-16,70.73999786376953,5.639999866485596,86.75409698486328,2883.60009765625,5.658571447644915,5.583666642506917,0.0
2025-02-17,70.73999786376953,5.639999866485596,86.43460083007812,2883.60009765625,5.62714283806937,5.580999978383383,0.0
2025-02-18,71.8499984741211,6.079999923706055,86.85479736328125,2931.60009765625,5.607142789023263,5.578333314259847,0.0
2025-02-19,72.25,5.989999771118164,86.88719940185547,2919.39990234375,5.664285659790039,5.590333318710327,0.015691272884813978
2025-02-20,72.56999969482422,6.449999809265137,86.872802734375,2940.0,5.732857022966657,5.599333318074544,0.005567175147860093
2025-02-21,70.4000015258789,6.320000171661377,86.45120239257812,2937.60009765625,5.8685712814331055,5.627333307266236,0.004429061520058397
2025-02-22,70.4000015258789,6.320000171661377,86.45120239257812,2937.60009765625,5.965714182172503,5.661999972661336,-0.02990213832259503
2025-02-23,70.4000015258789,6.320000171661377,86.45120239257812,2937.60009765625,6.0628570829119,5.7013333161671955,0.0
2025-02-24,70.69999694824219,6.090000152587891,86.52940368652344,2947.89990234375,6.159999983651297,5.740666659673055,0.0
2025-02-25,68.93000030517578,6.260000228881836,86.69010162353516,2904.5,6.224285738808768,5.772333335876465,0.004261298520753742
2025-02-26,68.62000274658203,6.400000095367432,87.0811996459961,2916.800048828125,6.250000068119594,5.809666681289673,-0.02503531427819128
2025-02-27,70.3499984741211,6.170000076293945,87.16220092773438,2883.199951171875,6.308571543012347,5.845666678746541,-0.004497280679258475
2025-02-28,69.76000213623047,6.400000095367432,87.3270034790039,2836.800048828125,6.2685715811593195,5.875333340962728,0.025211245384644476
2025-03-01,69.76000213623047,6.400000095367432,87.3270034790039,2836.800048828125,6.280000141688755,5.911333338419596,-0.008386586363717696
2025-03-02,69.76000213623047,6.400000095367432,87.3270034790039,2836.800048828125,6.291428702218192,5.941666682561238,0.0
2025-03-03,68.37000274658203,6.150000095367432,87.46399688720703,2890.199951171875,6.3028572627476285,5.962666686375936,0.0
2025-03-04,68.26000213623047,6.0,87.32959747314453,2909.60009765625,6.3114286831447055,5.9753333568573,-0.01992544935612217
2025-03-05,66.30999755859375,6.289999961853027,87.21700286865234,2915.300048828125,6.274285793304443,5.983000024159749,-0.0016089016517856214
2025-03-06,66.36000061035156,6.5,86.88929748535156,2916.60009765625,6.258571488516671,6.010333363215128,-0.02856730906256022
2025-03-07,67.04000091552734,6.570000171661377,87.12879943847656,2904.699951171875,6.305714334760394,6.031333367029826,0.0007540801326924029
2025-03-08,67.04000091552734,6.570000171661377,87.12879943847656,2904.699951171875,6.330000059945243,6.0506667137146,0.010247141333957543
2025-03-09,67.04000091552734,6.570000171661377,87.12879943847656,2904.699951171875,6.3542857851300925,6.076333379745483,0.0
2025-03-10,66.02999877929688,6.550000190734863,87.07379913330078,2891.0,6.378571510314941,6.100000047683716,0.0
2025-03-11,66.25,6.679999828338623,87.3551025390625,2912.89990234375,6.435714381081717,6.123000049591065,-0.015065664117503652
2025-03-12,67.68000030517578,7.139999866485596,87.20010375976562,2939.10009765625,6.53285721370152,6.150333372751872,0.0033318374189050814
2025-03-13,66.55000305175781,6.849999904632568,87.3405990600586,2984.300048828125,6.654285771506173,6.195666694641114,0.021584910266804203
2025-03-14,67.18000030517578,6.949999809265137,86.9220962524414,2994.5,6.704285757882254,6.234666697184244,-0.016696176836919374
2025-03-15,67.18000030517578,6.949999809265137,86.9220962524414,2994.5,6.758571420397077,6.2826666831970215,0.009466524786302388
2025-03-16,67.18000030517578,6.949999809265137,86.9220962524414,2994.5,6.8128570829119,6.331000010172526,0.0
2025-03-17,67.58000183105469,6.860000133514404,86.93900299072266,3000.0,6.867142745426723,6.374666674931844,0.0
2025-03-18,66.9000015258789,6.730000019073486,86.91639709472656,3035.10009765625,6.911428451538086,6.415333350499471,0.005954175707976184
2025-03-19,67.16000366210938,6.5,86.57610321044922,3035.89990234375,6.918571335928781,6.451666688919067,-0.010062152807804536
2025-03-20,68.26000213623047,6.775000095367432,86.33709716796875,3040.0,6.827142783573696,6.480333360036214,0.003886429451423812
2025-03-21,68.27999877929688,6.909999847412109,86.33609771728516,3018.199951171875,6.816428525107248,6.503500032424927,0.01637877328975934
2025-03-22,68.27999877929688,6.909999847412109,86.33609771728516,3018.199951171875,6.810714244842529,6.534166701634725,0.000292948175221186
2025-03-23,68.27999877929688,6.909999847412109,86.33609771728516,3018.199951171875,6.804999964577811,6.549500036239624,0.0
2025-03-24,69.11000061035156,6.75,85.98699951171875,3013.10009765625,6.799285684313093,6.569166692097982,0.0
2025-03-25,69.0,6.510000228881836,85.53209686279297,3023.699951171875,6.783571379525321,6.583500019709269,0.012155855973833951
2025-03-26,69.6500015258789,6.400000095367432,85.59040069580078,3020.89990234375,6.75214283806937,6.589833354949951,-0.0015916742783979032
2025-03-27,69.91999816894531,6.349999904632568,86.09539794921875,3060.199951171875,6.737857137407575,6.600166686375936,0.00942031196925952
2025-03-28,69.36000061035156,6.360000133514404,85.69490051269531,3086.5,6.677142824445452,6.603166675567627,0.0038764772024604266
2025-03-29,69.36000061035156,6.360000133514404,85.69490051269531,3086.5,6.59857143674578,6.601833343505859,-0.008009118610681987
2025-03-30,69.36000061035156,6.360000133514404,85.69490051269531,3086.5,6.520000049046108,6.608166678746541,0.0
2025-03-31,71.4800033569336,6.25,85.53880310058594,3122.800048828125,6.4414286613464355,6.606833346684774,0.0
2025-04-01,71.19999694824219,6.5,85.46810150146484,3118.89990234375,6.370000089917864,6.601833343505859,0.030565206573334835
2025-04-02,71.70999908447266,6.369999885559082,85.61009979248047,3139.89990234375,6.368571485791888,6.605166673660278,-0.003917269103824728
2025-04-03,66.94999694824219,6.019999980926514,85.65119934082031,3097.0,6.364285741533552,6.6125,0.007162951658568284
2025-04-04,61.9900016784668,5.619999885559082,85.28289794921875,3012.0,6.317142895289829,6.613166666030883,-0.06637849947011298
2025-04-05,61.9900016784668,5.619999885559082,85.28289794921875,3012.0,6.211428574153355,6.590833330154419,-0.0740850708867078
2025-04-06,61.9900016784668,5.619999885559082,85.28289794921875,3012.0,6.10571425301688,6.561499993006389,0.0
2025-04-07,60.70000076293945,5.380000114440918,85.529296875,2951.300048828125,5.999999931880406,6.5298333168029785,0.0
2025-04-08,59.58000183105469,5.360000133514404,86.0270004272461,2968.39990234375,5.875714233943394,6.490166648228963,-0.02080982223905059
2025-04-09,62.349998474121094,5.329999923706055,86.435302734375,3056.5,5.712857110159738,6.449833313624064,-0.01845138250094691
2025-04-10,60.06999969482422,5.599999904632568,86.20929718017578,3155.199951171875,5.564285687037876,6.409166638056437,0.04649205367467135
2025-04-11,61.5,5.630000114440918,86.2603988647461,3222.199951171875,5.504285676138742,6.373166640599568,-0.03656774394698992
2025-04-12,61.5,5.630000114440918,86.2603988647461,3222.199951171875,5.505714280264718,6.322833315531413,0.023805565381066485
2025-04-13,61.5,5.630000114440918,86.2603988647461,3222.199951171875,5.507142884390695,6.282166655858358,0.0
2025-04-14,61.529998779296875,5.75,86.19300079345703,3204.800048828125,5.508571488516671,6.238166666030883,0.0
2025-04-15,61.33000183105469,5.690000057220459,86.0447998046875,3218.699951171875,5.561428615025112,6.198166672388712,0.00048778502921753564
2025-04-16,62.470001220703125,5.71999979019165,85.72669982910156,3326.60009765625,5.608571461268833,6.15616668065389,-0.003250397403054772
2025-04-17,64.68000030517578,5.739999771118164,85.62049865722656,3308.699951171875,5.6642857279096335,6.118166669209798,0.01858795623043985
2025-04-18,64.68000030517578,5.739999771118164,85.62049865722656,3308.699951171875,5.684285708836147,6.085166660944621,0.03537696560409609
2025-04-19,64.68000030517578,5.739999771118164,85.62049865722656,3308.699951171875,5.699999945504325,6.059833319981893,0.0
2025-04-20,64.68000030517578,5.739999771118164,85.62049865722656,3308.699951171875,5.715714182172503,6.025333309173584,0.0
2025-04-21,63.08000183105469,5.730000019073486,85.62049865722656,3406.199951171875,5.7314284188406805,5.986333306630453,0.0
2025-04-22,64.30999755859375,5.599999904632568,85.15889739990234,3400.800048828125,5.728571278708322,5.946999979019165,-0.024737143886393254
2025-04-23,62.27000045776367,5.880000114440918,85.2323989868164,3276.300048828125,5.715714114052909,5.903333314259847,0.01949898053004695
2025-04-24,62.790000915527344,5.829999923706055,85.4999008178711,3332.0,5.738571303231375,5.8743333180745445,-0.03172130583540156
2025-04-25,63.02000045776367,5.920000076293945,85.2573013305664,3282.39990234375,5.751428467886789,5.851666641235352,0.008350737978818135
2025-04-26,63.02000045776367,5.920000076293945,85.2573013305664,3282.39990234375,5.777142797197614,5.835666640599569,0.0036629963192029713
2025-04-27,63.02000045776367,5.920000076293945,85.2573013305664,3282.39990234375,5.8028571265084405,5.821333312988282,0.0
2025-04-28,62.04999923706055,5.78000020980835,85.38490295410156,3332.5,5.828571455819266,5.806666644414266,0.0
2025-04-29,60.41999816894531,5.570000171661377,85.1603012084961,3318.800048828125,5.835714340209961,5.787333313624064,-0.015391958325249866
2025-04-30,58.209999084472656,5.764999866485596,85.1707992553711,3305.0,5.831428664071219,5.760999981562296,-0.02626915532888008
2025-05-01,59.2400016784668,5.949999809265137,84.53119659423828,3210.0,5.815000057220459,5.744833310445149,-0.03657727824309254
2025-05-02,58.290000915527344,5.840000152587891,84.69670104980469,3231.89990234375,5.832142898014614,5.726499970753988,0.01769459904129933
2025-05-03,58.290000915527344,5.840000152587891,84.69670104980469,3231.89990234375,5.820714337485177,5.708833312988281,-0.01603647427452337
2025-05-04,58.290000915527344,5.840000152587891,84.69670104980469,3231.89990234375,5.809285776955741,5.7028333187103275,0.0
2025-05-05,57.130001068115234,5.914000034332275,84.52629852294922,3311.300048828125,5.797857216426304,5.710166660944621,0.0
2025-05-06,59.09000015258789,5.619999885559082,84.2208023071289,3411.39990234375,5.817000048501151,5.719966665903727,-0.019900494582135275
2025-05-07,58.06999969482422,5.619999885559082,84.79319763183594,3381.39990234375,5.824142864772251,5.719966665903727,0.03430770257006954
2025-05-08,59.90999984741211,5.420000076293945,84.81719970703125,3296.60009765625,5.803428581782749,5.727966658274332,-0.017261811730068133
2025-05-09,61.02000045776367,5.429999828338623,86.08219909667969,3335.39990234375,5.727714334215436,5.729966656366984,0.03168589912618658
2025-05-10,61.02000045776367,5.429999828338623,86.08219909667969,3335.39990234375,5.669142859322684,5.733299986521403,0.018527801922528564
2025-05-11,61.02000045776367,5.429999828338623,86.08219909667969,3335.39990234375,5.610571384429932,5.7276333173116045,0.0
2025-05-12,61.95000076293945,5.539999961853027,85.4083023071289,3220.0,5.551999909537179,5.720966641108195,0.0
2025-05-13,63.66999816894531,5.300000190734863,84.9656982421875,3240.300048828125,5.498571327754429,5.717966636021932,0.015240909508342337
2025-05-14,63.150001525878906,5.460000038146973,85.060302734375,3181.39990234375,5.452857085636684,5.7069666385650635,0.027764283855099103
2025-05-15,61.619998931884766,5.550000190734863,85.48760223388672,3220.699951171875,5.429999964577811,5.6972999731699625,-0.008167059180473335
2025-05-16,62.4900016784668,5.504000186920166,85.44490051269531,3182.0,5.4485714094979425,5.692633310953776,-0.02422806899485419
2025-05-17,62.4900016784668,5.504000186920166,85.44490051269531,3182.0,5.459142889295306,5.68543332417806,0.014118837417438801
2025-05-18,62.4900016784668,5.504000186920166,85.44490051269531,3182.0,5.469714369092669,5.67756667137146,0.0
2025-05-19,62.689998626708984,5.309999942779541,85.50029754638672,3228.89990234375,5.480285848890032,5.66970001856486,0.0
2025-05-20,62.560001373291016,5.360000133514404,85.37210083007812,3280.300048828125,5.4474287033081055,5.6553666909535725,0.003200463160030642
2025-05-21,61.56999969482422,5.340000152587891,85.53610229492188,3309.300048828125,5.4560001237051825,5.64270003636678,-0.002073652197570497
2025-05-22,61.20000076293945,5.210000038146973,85.60030364990234,3292.300048828125,5.438857282911028,5.62970004081726,-0.01582483466647533
2025-05-23,61.529998779296875,5.150000095367432,85.97489929199219,3363.60009765625,5.39028583254133,5.6167000452677405,-0.006009402853966006
2025-05-24,61.529998779296875,5.150000095367432,85.97489929199219,3363.60009765625,5.339714390890939,5.592366711298625,0.005392124383064578
2025-05-25,61.529998779296875,5.150000095367432,85.97489929199219,3363.60009765625,5.289142949240548,5.569700050354004,0.0
2025-05-26,61.529998779296875,5.150000095367432,85.19930267333984,3363.60009765625,5.238571507590158,5.54403338432312,0.0
2025-05-27,60.88999938964844,5.150000095367432,85.158203125,3299.10009765625,5.2157143865312845,5.518366718292237,0.0
2025-05-28,61.84000015258789,5.166999816894531,85.3604965209961,3293.60009765625,5.185714381081717,5.492700052261353,-0.010401420483430623
2025-05-29,60.939998626708984,5.190000057220459,85.38590240478516,3317.10009765625,5.161000047411237,5.472266705830892,0.015601917760914796
2025-05-30,60.790000915527344,5.190000057220459,85.36129760742188,3288.89990234375,5.1581429072788785,5.459600035349528,-0.014553711572739103
2025-05-31,60.790000915527344,5.190000057220459,85.36129760742188,3288.89990234375,5.163857187543597,5.44043337504069,-0.0024613999764007133
2025-06-01,60.790000915527344,5.190000057220459,85.36129760742188,3288.89990234375,5.169571467808315,5.415100049972534,0.0
2025-06-02,62.52000045776367,5.099999904632568,85.52429962158203,3370.60009765625,5.1752857480730325,5.393433380126953,0.0
2025-06-03,63.40999984741211,5.199999809265137,85.36370086669922,3350.199951171875,5.1681428636823386,5.368766705195109,0.028458620104979238
2025-06-04,62.849998474121094,5.420000076293945,85.70880126953125,3373.5,5.175285679953439,5.347433360417684,0.014235434790978552
2025-06-05,63.369998931884766,5.489999771118164,85.9041976928711,3350.699951171875,5.211428574153355,5.33096669514974,-0.008831436281952154
2025-06-06,64.58000183105469,5.409999847412109,85.87750244140625,3322.699951171875,5.254285676138742,5.326633358001709,0.00827367494651221
2025-06-07,64.58000183105469,5.409999847412109,85.87750244140625,3322.699951171875,5.285714217594692,5.319633356730143,0.019094254687782586
2025-06-08,64.58000183105469,5.409999847412109,85.87750244140625,3322.699951171875,5.3171427590506415,5.319300015767415,0.0
2025-06-09,65.29000091552734,5.372000217437744,85.7853012084961,3332.10009765625,5.348571300506592,5.3186333497365315,0.0
2025-06-10,64.9800033569336,5.519999980926514,85.75599670410156,3320.89990234375,5.387428488050189,5.316700029373169,0.010994101336975204
2025-06-11,68.1500015258789,5.650000095367432,85.65280151367188,3321.300048828125,5.433142798287528,5.319700034459432,-0.004748009714302559
2025-06-12,68.04000091552734,5.730000019073486,85.46980285644531,3380.89990234375,5.465999943869455,5.3233667055765785,0.048784210606031886
2025-06-13,72.9800033569336,5.869999885559082,85.68840026855469,3431.199951171875,5.500285693577358,5.337700033187867,-0.0016140954935971452
2025-06-14,72.9800033569336,5.869999885559082,85.68840026855469,3431.199951171875,5.565999984741211,5.35136669476827,0.07260438528710988
2025-06-15,72.9800033569336,5.869999885559082,85.68840026855469,3431.199951171875,5.631714275905064,5.3620333512624105,0.0
2025-06-16,71.7699966430664,5.679999828338623,86.24919891357422,3396.39990234375,5.6974285670689175,5.374233341217041,0.0
2025-06-17,74.83999633789062,5.630000114440918,86.10420227050781,3386.60009765625,5.741428511483329,5.38009999593099,-0.016579976133314744
2025-06-18,75.13999938964844,5.619999885559082,86.36270141601562,3389.800048828125,5.7571428162711005,5.384299993515015,0.042775530701112396
2025-06-19,75.13999938964844,5.619999885559082,86.61360168457031,3389.800048828125,5.752857072012765,5.394633324940999,0.00400859254994268
2025-06-20,74.93000030517578,5.730000019073486,86.58380126953125,3368.10009765625,5.737142767224993,5.403299983342489,0.0
2025-06-21,74.93000030517578,5.730000019073486,86.58380126953125,3368.10009765625,5.71714278629848,5.416299978892009,-0.0027947709100140106
2025-06-22,74.93000030517578,5.730000019073486,86.58380126953125,3368.10009765625,5.697142805371966,5.433633311589559,0.0
2025-06-23,68.51000213623047,5.78000020980835,86.5802993774414,3377.699951171875,5.677142824445452,5.452966642379761,0.0
2025-06-24,64.37000274658203,5.735000133514404,86.23300170898438,3317.39990234375,5.691428593226841,5.473966646194458,-0.08567994318427696
2025-06-25,64.91999816894531,5.800000190734863,85.90480041503906,3327.10009765625,5.706428595951626,5.493466647466024,-0.060429123639729965
2025-06-26,65.23999786376953,5.659999847412109,86.006103515625,3333.5,5.732142925262451,5.515133317311605,0.008544281480436622
2025-06-27,65.5199966430664,5.584000110626221,85.66639709472656,3273.699951171875,5.7378572055271695,5.5321333090464275,0.004929138999533844
2025-06-28,65.5199966430664,5.584000110626221,85.66639709472656,3273.699951171875,5.717000075748989,5.546033318837484,0.004291826923133124
2025-06-29,65.5199966430664,5.584000110626221,85.66639709472656,3273.699951171875,5.6961429459708075,5.559166653951009,0.0
2025-06-30,65.11000061035156,5.550000190734863,85.4552993774414,3294.39990234375,5.675285816192627,5.572299989064534,0.0
2025-07-01,65.44999694824219,5.630000114440918,85.71399688720703,3336.699951171875,5.6424286706107,5.584299993515015,-0.00625757102748925
2025-07-02,67.44999694824219,5.769999980926514,85.6427993774414,3348.0,5.6274286678859164,5.59896666208903,0.005221875820971444
2025-07-03,67.0,5.929999828338623,85.69409942626953,3331.60009765625,5.623142923627581,5.621299997965495,0.030557679041323782
2025-07-04,66.5,5.929999828338623,85.31909942626953,3332.5,5.6617143494742255,5.645633331934611,-0.006671563656073909
2025-07-05,66.5,5.929999828338623,85.31909942626953,3332.5,5.711142880575998,5.662633323669434,-0.007462686567164201
2025-07-06,66.5,5.929999828338623,85.31909942626953,3332.5,5.760571411677769,5.677299992243449,0.0
2025-07-07,67.93000030517578,6.070000171661377,85.49629974365234,3332.199951171875,5.809999942779541,5.694633324940999,0.0
2025-07-08,68.33000183105469,6.179999828338623,85.89199829101562,3307.0,5.884285654340472,5.716633335749308,0.021503763987605673
2025-07-09,68.37999725341797,6.25,85.7073974609375,3311.60009765625,5.962857042040143,5.742300001780192,0.005888436980449052
2025-07-10,66.56999969482422,6.659999847412109,85.70850372314453,3317.39990234375,6.031428473336356,5.771566661198934,0.0007316759991737865
2025-07-11,68.44999694824219,7.090000152587891,85.73480224609375,3356.0,6.135714190346854,5.809566656748454,-0.02646969335032079
2025-07-12,68.44999694824219,7.090000152587891,85.73480224609375,3356.0,6.301428522382464,5.857566658655802,0.028240908247505025
2025-07-13,68.44999694824219,7.090000152587891,85.73480224609375,3356.0,6.467142854418073,5.902899996439616,0.0
2025-07-14,66.9800033569336,7.260000228881836,85.82129669189453,3351.5,6.632857186453683,5.943566672007242,0.0
2025-07-15,66.5199966430664,6.78000020980835,85.96839904785156,3329.800048828125,6.802857194628034,5.989900016784668,-0.021475436915214363
2025-07-16,66.37999725341797,7.25,85.99310302734375,3352.5,6.888571534837995,6.02023336092631,-0.006867821600662349
2025-07-17,67.54000091552734,7.610000133514404,85.88520050048828,3340.10009765625,7.031428677695138,6.07256669998169,-0.0021046211171603657
2025-07-18,67.33999633789062,7.400000095367432,86.04650115966797,3353.0,7.16714300428118,6.1385667006174724,0.01747519900732808
2025-07-19,67.33999633789062,7.400000095367432,86.04650115966797,3353.0,7.211428710392544,6.197900040944417,-0.0029612759094698182
2025-07-20,67.33999633789062,7.400000095367432,86.04650115966797,3353.0,7.255714416503906,6.257233381271362,0.0
2025-07-21,67.19999694824219,7.349999904632568,86.14859771728516,3401.89990234375,7.300000122615269,6.3129000504811605,0.0
2025-07-22,66.20999908447266,7.670000076293945,86.19529724121094,3439.199951171875,7.3128572191510886,6.366900046666463,-0.002078993128332929
2025-07-23,65.25,7.519999980926514,86.3427963256836,3394.10009765625,7.440000057220459,6.4315667152404785,-0.014732111737029263
2025-07-24,66.02999877929688,7.420000076293945,86.39869689941406,3371.0,7.478571483067104,6.489566707611084,-0.01449930671722044
2025-07-25,65.16000366210938,7.150000095367432,86.4302978515625,3334.0,7.451428617749896,6.545733372370402,0.011954004280411823
2025-07-26,65.16000366210938,7.150000095367432,86.4302978515625,3334.0,7.41571433203561,6.590733369191487,-0.013175755463746608
2025-07-27,65.16000366210938,7.150000095367432,86.4302978515625,3334.0,7.380000046321324,6.640400044123331,0.0
2025-07-28,66.70999908447266,7.245999813079834,86.506103515625,3309.10009765625,7.344285760607038,6.692600043614705,0.0
2025-07-29,69.20999908447266,6.940000057220459,86.77760314941406,3323.39990234375,7.329428604670933,6.748000033696493,0.023787528165297056
2025-07-30,70.0,7.019999980926514,87.06320190429688,3295.800048828125,7.225142887660435,6.7932000319163,0.03747564134777348
2025-07-31,69.26000213623047,7.400000095367432,87.714599609375,3293.199951171875,7.153714316231864,6.842200024922689,0.011414548850999573
2025-08-01,67.33000183105469,7.460000038146973,87.4894027709961,3347.699951171875,7.150857176099505,6.901200024286906,-0.010571398053850434
2025-08-02,67.33000183105469,7.460000038146973,87.4894027709961,3347.699951171875,7.195142882210868,6.957533359527588,-0.02786601567495739
2025-08-03,67.33000183105469,7.460000038146973,87.4894027709961,3347.699951171875,7.239428588322231,7.0085333665212,0.0
2025-08-04,66.29000091552734,7.309999942779541,87.24530029296875,3374.39990234375,7.283714294433594,7.059533373514811,0.0
2025-08-05,65.16000366210938,7.769999980926514,87.89330291748047,3381.89990234375,7.2928571701049805,7.105533377329508,-0.01544632240077648
2025-08-06,64.3499984741211,7.730000019073486,87.72309875488281,3380.0,7.411428587777274,7.166866715749105,-0.017046269992633034
2025-08-07,63.880001068115234,7.75,87.76249694824219,3400.300048828125,7.512857164655413,7.2222000439961755,-0.012431018147092243
2025-08-08,63.880001068115234,7.800000190734863,87.43319702148438,3439.10009765625,7.562857151031494,7.274533383051554,-0.007303767166286335
2025-08-09,63.880001068115234,7.800000190734863,87.43319702148438,3439.10009765625,7.611428601401193,7.32620005607605,0.0
2025-08-10,63.880001068115234,7.800000190734863,87.43319702148438,3439.10009765625,7.660000051770892,7.364200067520142,0.0
2025-08-11,63.959999084472656,7.900000095367432,87.48829650878906,3353.10009765625,7.7085715021405905,7.387866735458374,0.0
2025-08-12,63.16999816894531,8.020000457763672,87.66449737548828,3348.89990234375,7.792857238224575,7.414866733551025,0.0012523170792080318
2025-08-13,62.650001525878906,8.166999816894531,87.59559631347656,3358.699951171875,7.828571592058454,7.445866743723552,-0.012351484159403792
2025-08-14,63.959999084472656,8.130000114440918,87.44999694824219,3335.199951171875,7.891000134604318,7.476100063323974,-0.008231702677522601
2025-08-15,62.79999923706055,8.020000457763672,87.69180297851562,3336.0,7.945285865238735,7.52110006014506,0.0209097769622979
2025-08-16,62.79999923706055,8.020000457763672,87.69180297851562,3336.0,7.976714474814279,7.546766742070516,-0.018136333083433653
2025-08-17,62.79999923706055,8.020000457763672,87.69180297851562,3336.0,8.008143084389824,7.560433419545491,0.0
2025-08-18,63.41999816894531,8.079999923706055,87.51280212402344,3331.699951171875,8.039571693965367,7.5811000982920325,0.0
2025-08-19,62.349998474121094,7.7729997634887695,87.29509735107422,3313.39990234375,8.065285955156599,7.603766759236653,0.009872594576703086
2025-08-20,63.209999084472656,8.039999961853027,87.0791015625,3343.39990234375,8.030000141688756,7.6162000815073645,-0.016871644997116464
2025-08-21,63.52000045776367,8.15999984741211,87.01820373535156,3336.89990234375,8.011857305254255,7.639200083414713,0.013793113574950722
2025-08-22,63.65999984741211,8.40999984741211,87.29340362548828,3374.39990234375,8.016142981392997,7.655533409118652,0.004904309093197945
2025-08-23,63.65999984741211,8.40999984741211,87.29340362548828,3374.39990234375,8.071857179914202,7.6852000713348385,0.002204020602007528
2025-08-24,63.65999984741211,8.40999984741211,87.29340362548828,3374.39990234375,8.127571378435407,7.718200063705444,0.0
2025-08-25,64.80000305175781,8.5,87.3301010131836,3373.800048828125,8.183285576956612,7.760200055440267,0.0
2025-08-26,63.25,8.600000381469727,87.60859680175781,3388.60009765625,8.243285587855748,7.805200052261353,0.017907684685488423
2025-08-27,64.1500015258789,8.300000190734863,87.60070037841797,3404.60009765625,8.361428533281599,7.8535333951314295,-0.023919799054944124
2025-08-28,64.5999984741211,8.350000381469727,87.65910339355469,3431.800048828125,8.398571423121862,7.888666741053263,0.014229273136425302
2025-08-29,64.01000213623047,8.369999885559082,87.5916976928711,3473.699951171875,8.425714356558663,7.935666751861572,0.007014761302237105
2025-08-30,64.01000213623047,8.369999885559082,87.5916976928711,3473.699951171875,8.420000076293945,7.9806667486826575,-0.009133070461711856
2025-08-31,64.01000213623047,8.369999885559082,87.5916976928711,3473.699951171875,8.414285796029228,8.01300007502238,0.0
2025-09-01,64.01000213623047,8.369999885559082,88.17430114746094,3473.699951171875,8.408571515764509,8.04333340326945,0.0
2025-09-02,65.58999633789062,8.020000457763672,88.00140380859375,3549.39990234375,8.390000070844378,8.07366673151652,0.0
2025-09-03,63.970001220703125,8.140000343322754,87.99829864501953,3593.199951171875,8.30714293888637,8.09233341217041,0.024683551772073153
2025-09-04,63.47999954223633,8.062999725341797,88.072998046875,3565.800048828125,8.284285817827497,8.120000092188517,-0.024698813960013055
2025-09-05,61.869998931884766,8.039999961853027,88.19290161132812,3613.199951171875,8.243285724094935,8.129766750335694,-0.007659866642432012
2025-09-06,61.869998931884766,8.039999961853027,88.19290161132812,3613.199951171875,8.196142877851214,8.140100081761679,-0.025362328638335097
2025-09-07,61.869998931884766,8.039999961853027,88.19290161132812,3613.199951171875,8.14900003160749,8.149766747156779,0.0
2025-09-08,62.2599983215332,8.149999618530273,88.1863021850586,3638.10009765625,8.10185718536377,8.157766739527384,0.0
2025-09-09,62.630001068115234,8.390000343322754,87.98049926757812,3643.300048828125,8.070428575788226,8.169433387120565,0.00630352992373262
2025-09-10,63.66999816894531,8.220000267028809,88.21829986572266,3643.60009765625,8.123285702296666,8.189100058873494,0.005942864705379636
2025-09-11,62.369998931884766,8.114999771118164,88.05339813232422,3636.89990234375,8.134714262826103,8.199766731262207,0.016605414068235458
2025-09-12,62.689998626708984,8.100000381469727,88.2676010131836,3649.39990234375,8.142142840794154,8.20293337504069,-0.02041776777833515
2025-09-13,62.689998626708984,8.100000381469727,88.2676010131836,3649.39990234375,8.150714329310826,8.20070006052653,0.0051306669922135395
2025-09-14,62.689998626708984,8.100000381469727,88.2676010131836,3649.39990234375,8.159285817827497,8.19970006942749,0.0
2025-09-15,63.29999923706055,8.210000038146973,88.27729797363281,3682.199951171875,8.16785730634417,8.202366733551026,0.0
2025-09-16,64.5199966430664,8.039999961853027,88.12349700927734,3688.89990234375,8.17642879486084,8.208700052897136,0.00973042947382785
2025-09-17,64.05000305175781,8.140000343322754,87.88459777832031,3681.800048828125,8.126428740365165,8.209366703033448,0.019273260990682273
2025-09-18,63.56999969482422,8.199999809265137,87.91069793701172,3643.699951171875,8.115000179835729,8.21136671702067,-0.00728446397647331
2025-09-19,62.68000030517578,8.15999984741211,88.20690155029297,3671.5,8.127143042428154,8.225600051879884,-0.007494197253132273
2025-09-20,62.68000030517578,8.15999984741211,88.20690155029297,3671.5,8.135714394705635,8.229600048065185,-0.014000305079770237
2025-09-21,62.68000030517578,8.15999984741211,88.20690155029297,3671.5,8.144285746983119,8.229600048065185,0.0
2025-09-22,62.63999938964844,8.0600004196167,88.09919738769531,3740.699951171875,8.152857099260602,8.221266714731852,0.0
2025-09-23,63.40999984741211,8.25,88.30439758300781,3780.60009765625,8.131428582327706,8.209600067138672,-0.0006381766964356217
2025-09-24,64.98999786376953,8.380000114440918,88.80799865722656,3732.10009765625,8.161428587777275,8.2042667388916,0.012292472306296265
2025-09-25,64.9800033569336,8.199999809265137,88.77860260009766,3736.89990234375,8.195714269365583,8.2002667427063,0.024917174265249642
2025-09-26,65.72000122070312,8.050000190734863,88.77310180664062,3775.300048828125,8.195714269365583,8.18693339029948,-0.00015378530796217316
2025-09-27,65.72000122070312,8.050000190734863,88.77310180664062,3775.300048828125,8.180000032697405,8.178600056966145,0.011388085957840577
2025-09-28,65.72000122070312,8.050000190734863,88.77310180664062,3775.300048828125,8.164285796029228,8.168600050608317,0.0
2025-09-29,63.45000076293945,7.769999980926514,88.67680358886719,3820.89990234375,8.148571559361049,8.157933394114176,0.0
2025-09-30,62.369998931884766,7.510000228881836,88.70449829101562,3840.800048828125,8.107142925262451,8.137933397293091,-0.03454048106512475
2025-10-01,61.779998779296875,7.579999923706055,88.8406982421875,3867.5,8.00142867224557,8.109266742070515,-0.017021305249305896
2025-10-02,60.47999954223633,7.78000020980835,88.68299865722656,3839.699951171875,7.887142930712018,8.082933410008748,-0.009459678734839105
2025-10-03,60.880001068115234,7.71999979019165,88.72019958496094,3880.800048828125,7.827142987932477,8.074933401743571,-0.021042396612934056
2025-10-04,60.880001068115234,7.71999979019165,88.72019958496094,3880.800048828125,7.780000073569162,8.060933383305867,0.006613781893294535
2025-10-05,60.880001068115234,7.71999979019165,88.72019958496094,3880.800048828125,7.732857159205845,8.049500052134196,0.0
2025-10-06,61.689998626708984,7.866000175476074,88.73509979248047,3948.5,7.685714244842529,8.038833379745483,0.0
2025-10-07,61.72999954223633,8.0,88.72109985351562,3976.60009765625,7.699428558349609,8.033033386866252,0.013304821688282953
2025-10-08,62.54999923706055,7.599999904632568,88.74259948730469,4043.300048828125,7.769428525652204,8.031700054804483,0.0006484181620654006
2025-10-09,61.5099983215332,7.699999809265137,88.7771987915039,3946.300048828125,7.772285665784564,8.013366731007894,0.013283649779766593
2025-10-10,58.900001525878906,8.180000305175781,88.86540222167969,3975.89990234375,7.7608570371355325,7.990366713205973,-0.01662671348061584
2025-10-11,58.900001525878906,8.180000305175781,88.86540222167969,3975.89990234375,7.82657139641898,7.989033381144206,-0.0424320739209092
2025-10-12,58.900001525878906,8.180000305175781,88.86540222167969,3975.89990234375,7.892285755702427,7.991200065612793,0.0
2025-10-13,59.4900016784668,8.640000343322754,88.7573013305664,4108.60009765625,7.958000114985874,7.993866729736328,0.0
2025-10-14,58.70000076293945,8.199999809265137,88.66510009765625,4138.7001953125,8.0685715675354,8.011866728464762,0.010016980259816455
2025-10-15,58.27000045776367,8.520000457763672,88.78250122070312,4176.89990234375,8.097142968858991,8.01520004272461,-0.013279557795226826
2025-10-16,57.459999084472656,8.329999923706055,87.80950164794922,4280.2001953125,8.228571619306292,8.025533390045165,-0.007325388408636391
2025-10-17,57.540000915527344,8.15999984741211,87.9906997680664,4189.89990234375,8.318571635654994,8.035200055440267,-0.013900830048527935
2025-10-18,57.540000915527344,8.15999984741211,87.9906997680664,4189.89990234375,8.31571442740304,8.035866705576579,0.0013923047742669947
2025-10-19,57.540000915527344,8.15999984741211,87.9906997680664,4189.89990234375,8.312857219151088,8.034533373514812,0.0
2025-10-20,57.52000045776367,8.239999771118164,88.0022964477539,4336.39990234375,8.310000010899135,8.034533373514812,0.0
2025-10-21,57.81999969482422,8.380000114440918,87.87999725341797,4087.699951171875,8.252857072012764,8.037200037638346,-0.00034759223923253035
2025-10-22,58.5,8.229999542236328,88.00160217285156,4044.39990234375,8.27857140132359,8.04453337987264,0.005215563885136554
2025-10-23,61.790000915527344,7.820000171661377,87.74030303955078,4125.5,8.2371426991054,8.050200017293294,0.011760641798077565
2025-10-24,61.5,7.849999904632568,87.77899932861328,4118.39990234375,8.164285591670446,8.035866689682006,0.05623933188935637
2025-10-25,61.5,7.849999904632568,87.77899932861328,4118.39990234375,8.119999885559082,8.018200016021728,-0.004693330817777452
2025-10-26,61.5,7.849999904632568,87.77899932861328,4118.39990234375,8.075714179447719,8.006533352533976,0.0
2025-10-27,61.310001373291016,7.96999979019165,87.8290023803711,4001.89990234375,8.031428473336357,7.999866676330567,0.0
2025-10-28,60.150001525878906,7.953000068664551,88.22209930419922,3966.199951171875,7.992857047489712,7.997199996312459,-0.0030894085643736746
2025-10-29,60.47999954223633,8.199999809265137,88.22550201416016,3983.699951171875,7.93185704095023,7.993966658910115,-0.018920238483593477
2025-10-30,60.56999969482422,8.25,88.34559631347656,4001.300048828125,7.927571364811489,8.008299986521402,0.005486251171838097
2025-10-31,60.97999954223633,8.100000381469727,88.6344985961914,3982.199951171875,7.9889999117170065,8.032966645558675,0.001488097772306407
2025-11-01,60.97999954223633,8.100000381469727,88.6344985961914,3982.199951171875,8.024714265550886,8.050299994150798,0.0067690250863108314
2025-11-02,60.97999954223633,8.100000381469727,88.6344985961914,3982.199951171875,8.060428619384766,8.06096666653951,0.0
2025-11-03,61.04999923706055,7.920000076293945,88.77539825439453,4000.300048828125,8.096142973218646,8.073633352915445,0.0
2025-11-04,60.560001373291016,8.180000305175781,88.72339630126953,3947.699951171875,8.089000156947545,8.080300029118856,0.0011479123540454328
2025-11-05,59.599998474121094,8.300000190734863,88.73200225830078,3980.300048828125,8.121428762163434,8.095633379618327,-0.008026173135020742
2025-11-06,59.43000030517578,8.5,88.55690002441406,3979.89990234375,8.135714530944824,8.11010004679362,-0.01585209506935903
2025-11-07,59.75,8.350000381469727,88.6729965209961,3999.39990234375,8.17142881665911,8.126766713460286,-0.0028523183439195243
2025-11-08,59.75,8.350000381469727,88.6729965209961,3999.39990234375,8.207143102373395,8.151766729354858,0.005384480787161472
2025-11-09,59.75,8.350000381469727,88.6729965209961,3999.39990234375,8.242857388087682,8.173433415095012,0.0
2025-11-10,60.130001068115234,8.369999885559082,88.65799713134766,4111.7998046875,8.278571673801967,8.17910008430481,0.0
2025-11-11,61.040000915527344,8.420000076293945,88.70709991455078,4106.7998046875,8.342857360839844,8.18543340365092,0.006359850512388965
2025-11-12,58.4900016784668,8.479999542236328,88.46649932861328,4204.39990234375,8.377143042428154,8.193433396021526,0.015133873794235697
2025-11-13,58.689998626708984,8.699999809265137,88.59400177001953,4186.89990234375,8.402857235499791,8.188100035985311,-0.04177587154019646
2025-11-14,60.09000015258789,8.600000381469727,88.81610107421875,4087.60009765625,8.431428636823382,8.204766702651977,0.0034193356557179477
2025-11-15,60.09000015258789,8.600000381469727,88.81610107421875,4087.60009765625,8.467142922537667,8.207433366775513,0.023854175475168438
2025-11-16,60.09000015258789,8.600000381469727,88.81610107421875,4087.60009765625,8.502857208251953,8.216433382034301,0.0
2025-11-17,59.90999984741211,8.800000190734863,88.68199920654297,4068.300048828125,8.53857149396624,8.231100066502888,0.0
2025-11-18,60.7400016784668,8.989999771118164,88.63590240478516,4061.300048828125,8.60000010899135,8.252433411280315,-0.0029955118109286083
2025-11-19,59.439998626708984,8.899999618530273,88.55680084228516,4077.699951171875,8.681428636823382,8.28010007540385,0.01385414510380012
2025-11-20,59.13999938964844,8.920000076293945,88.48719787597656,4056.5,8.741428647722516,8.302100070317586,-0.021402749684458433
2025-11-21,58.060001373291016,8.949999809265137,88.69219970703125,4076.699951171875,8.77285725729806,8.32010006904602,-0.005047093606858621
2025-11-22,58.060001373291016,8.949999809265137,88.69219970703125,4076.699951171875,8.822857175554548,8.344100077946981,-0.018261718422446616
2025-11-23,58.060001373291016,8.949999809265137,88.69219970703125,4076.699951171875,8.872857093811035,8.381766732533773,0.0
2025-11-24,58.84000015258789,9.1899995803833,89.63400268554688,4091.89990234375,8.922857012067523,8.418433396021525,0.0
2025-11-25,57.95000076293945,9.229999542236328,89.14779663085938,4139.2001953125,8.978571210588727,8.463100051879882,0.013434356886799836
2025-11-26,58.650001525878906,9.199999809265137,89.15059661865234,4165.2001953125,9.012856892177037,8.509100039800009,-0.015125754373562672
2025-11-27,58.650001525878906,9.199999809265137,89.16300201416016,4165.2001953125,9.055714062282018,8.55010004043579,0.012079391781252946
2025-11-28,58.54999923706055,8.770000457763672,89.36479949951172,4218.2998046875,9.095714024135045,8.59166669845581,0.0
2025-11-29,58.54999923706055,8.770000457763672,89.36479949951172,4218.2998046875,9.069999831063408,8.610666720072429,-0.001705068818697919
2025-11-30,58.54999923706055,8.770000457763672,89.36479949951172,4218.2998046875,9.044285637991768,8.628000068664551,0.0
2025-12-01,59.31999969482422,9.34000015258789,89.3499984741211,4239.2998046875,9.01857144492013,8.650333404541016,0.0
2025-12-02,58.63999938964844,9.25,89.61270141601562,4186.60009765625,9.040000098092216,8.691666730244954,0.013151160850507493
2025-12-03,58.95000076293945,9.300000190734863,89.91719818115234,4199.2998046875,9.04285730634417,8.73000005086263,-0.011463255372118786
2025-12-04,59.66999816894531,9.270000457763672,90.17050170898438,4211.7998046875,9.057143075125557,8.776000054677327,0.005286517334884833
2025-12-05,60.08000183105469,9.0,89.8364028930664,4212.89990234375,9.067143167768206,8.812333393096925,0.012213696296650589
2025-12-06,60.08000183105469,9.0,89.8364028930664,4212.89990234375,9.100000245230538,8.835666720072428,0.0068711861017412
2025-12-07,60.08000183105469,9.0,89.8364028930664,4212.89990234375,9.132857322692871,8.852333386739096,0.0
2025-12-08,58.880001068115234,9.25,89.93800354003906,4187.2001953125,9.165714400155204,8.874000040690104,0.0
2025-12-09,58.25,8.829999923706055,90.12999725341797,4206.7001953125,9.152857235499791,8.904000027974446,-0.019973380931542994
2025-12-10,58.459999084472656,9.012999534606934,89.91690063476562,4196.39990234375,9.092857224600655,8.920000012715658,-0.010699746207314398
2025-12-11,57.599998474121094,8.84000015258789,89.79299926757812,4285.5,9.051857130868095,8.941433334350586,0.0036051344973846433
2025-12-12,57.439998626708984,8.680000305175781,90.25299835205078,4300.10009765625,8.990428515842982,8.955433336893718,-0.014710924115973634
2025-12-13,57.439998626708984,8.680000305175781,90.25299835205078,4300.10009765625,8.944714273725237,8.9621000289917,-0.0027777752022684066
2025-12-14,57.439998626708984,8.680000305175781,90.25299835205078,4300.10009765625,8.89900003160749,8.961433378855387,0.0
2025-12-15,56.81999969482422,8.920000076293945,90.5770034790039,4306.7001953125,8.853285789489746,8.964100042978922,0.0
2025-12-16,55.27000045776367,8.770000457763672,90.77690124511719,4304.5,8.806142943246025,8.974766699473063,-0.010793853529036723
2025-12-17,55.939998626708984,8.420000076293945,90.94889831542969,4347.5,8.797571590968541,8.980433368682862,-0.027279113787143094
2025-12-18,56.150001525878906,8.656000137329102,90.4136962890625,4339.5,8.712857382638115,8.967766698201498,0.012122275436876606
2025-12-19,56.65999984741211,8.699999809265137,90.25579833984375,4361.39990234375,8.686571666172572,8.956633377075196,0.003754074085186909
2025-12-20,56.65999984741211,8.699999809265137,90.25579833984375,4361.39990234375,8.689428738185338,8.949966716766358,0.009082783751985346
2025-12-21,56.65999984741211,8.699999809265137,90.25579833984375,4361.39990234375,8.692285810198102,8.942633374532063,0.0
2025-12-22,58.0099983215332,8.880000114440918,89.56999969482422,4444.60009765625,8.695142882210869,8.93430004119873,0.0
2025-12-23,58.380001068115234,8.739999771118164,89.60389709472656,4482.7998046875,8.68942860194615,8.931966718037923,0.023826305643429135
2025-12-24,58.349998474121094,8.770000457763672,89.50789642333984,4480.60009765625,8.68514278956822,8.924966716766358,0.006378258184584151
2025-12-25,58.349998474121094,8.770000457763672,89.50789642333984,4480.60009765625,8.735142844063896,8.91096674601237,-0.0005139190381160397
2025-12-26,56.7400016784668,8.75,90.10590362548828,4529.10009765625,8.751428604125977,8.895633443196614,0.0
2025-12-27,56.7400016784668,8.75,90.10590362548828,4529.10009765625,8.75857148851667,8.880633449554443,-0.027592062343726576
2025-12-28,56.7400016784668,8.75,90.10590362548828,4529.10009765625,8.765714372907366,8.865633455912272,0.0
2025-12-29,58.08000183105469,8.739999771118164,89.82929992675781,4325.10009765625,8.77285725729806,8.864966773986817,0.0
2025-12-30,57.95000076293945,8.680000305175781,89.9000015258789,4370.10009765625,8.752857208251953,8.863966751098634,0.023616498289537935
2025-12-31,57.41999816894531,8.770000457763672,89.76940155029297,4325.60009765625,8.74428585597447,8.86096674601237,-0.002238310330867188
2026-01-01,57.41999816894531,8.770000457763672,89.76940155029297,4325.60009765625,8.74428585597447,8.841966756184895,-0.009145860000283057
2026-01-02,57.31999969482422,8.460000038146973,89.96189880371094,4314.39990234375,8.74428585597447,8.825966771443685,0.0
2026-01-03,57.31999969482422,8.460000038146973,89.96189880371094,4314.39990234375,8.702857289995466,8.797966766357423,-0.0017415269472296213
2026-01-04,57.31999969482422,8.460000038146973,89.96189880371094,4314.39990234375,8.661428724016462,8.770966752370198,0.0
2026-01-05,58.31999969482422,8.720000267028809,90.00700378417969,4436.89990234375,8.620000158037458,8.752966753641765,0.0
2026-01-06,57.130001068115234,8.8100004196167,90.23300170898438,4482.2001953125,8.617143086024694,8.74363342920939,0.017445917748152073
2026-01-07,55.9900016784668,8.789999961853027,90.16609954833984,4449.2998046875,8.635714530944824,8.73730010986328,-0.020404640482441505
2026-01-08,57.7599983215332,9.140000343322754,89.8644027709961,4449.7001953125,8.638571602957589,8.721966775258382,-0.01995447870356648
2026-01-09,59.119998931884766,8.850000381469727,89.90540313720703,4490.2998046875,8.691428729466029,8.73230012257894,0.03161272709422214
2026-01-10,59.119998931884766,8.850000381469727,89.90540313720703,4490.2998046875,8.747143064226423,8.726866817474365,0.023545717622442286
2026-01-11,59.119998931884766,8.850000381469727,89.90540313720703,4490.2998046875,8.802857398986816,8.727200158437093,0.0
2026-01-12,59.5,8.729999542236328,90.23600006103516,4604.2998046875,8.85857173374721,8.732866827646891,0.0
2026-01-13,61.150001525878906,8.720999717712402,90.13269805908203,4589.2001953125,8.860000201633998,8.734533468882242,0.006427623054476861
2026-01-14,62.02000045776367,9.039999961853027,90.27300262451172,4626.2998046875,8.84728581564767,8.735900115966796,0.02773111808199835
2026-01-15,59.189998626708984,9.479999542236328,90.18319702148438,4616.2998046875,8.883000101361956,8.7399001121521,0.01422729207155582
2026-01-16,59.439998626708984,9.800000190734863,90.36160278320312,4588.39990234375,8.931571415492467,8.763566748301189,-0.045630470979792226
2026-01-17,59.439998626708984,9.800000190734863,90.36160278320312,4588.39990234375,9.067285673958915,8.809566752115886,0.004223686531514614
2026-01-18,59.439998626708984,9.800000190734863,90.36160278320312,4588.39990234375,9.202999932425362,8.847700087229411,0.0
2026-01-19,59.439998626708984,9.800000190734863,90.7020034790039,4588.39990234375,9.33871419089181,8.884366766611736,0.0
2026-01-20,60.34000015258789,10.239999771118164,90.90450286865234,4759.60009765625,9.491571426391602,8.921033445994059,0.0
2026-01-21,60.619998931884766,10.069999694824219,91.11840057373047,4831.7998046875,9.708571434020996,8.972366778055827,0.015141344997853023
2026-01-22,59.36000061035156,10.0,91.53690338134766,4908.7998046875,9.855714253016881,9.01203343073527,0.004640350987550779
2026-01-23,61.06999969482422,10.359999656677246,91.55829620361328,4976.2001953125,9.930000032697405,9.054033438364664,-0.020785192077436232
2026-01-24,61.06999969482422,10.359999656677246,91.55829620361328,4976.2001953125,10.00999995640346,9.107033411661783,0.028807261908526005
2026-01-25,61.06999969482422,10.359999656677246,91.55829620361328,4976.2001953125,10.089999880109515,9.160033384958902,0.0
2026-01-26,60.630001068115234,10.979999542236328,91.5009994506836,5079.7001953125,10.16999980381557,9.213700040181477,0.0
2026-01-27,62.38999938964844,11.260000228881836,91.71309661865234,5079.89990234375,10.33857113974435,9.288033358256023,-0.007204824445844471
2026-01-28,63.209999084472656,11.010000228881836,91.5343017578125,5301.60009765625,10.484285490853447,9.371700032552083,0.02902850553401648
2026-01-29,65.41999816894531,11.479999542236328,92.04080200195312,5318.39990234375,10.618571281433105,9.447366714477539,0.013143127149321199
2026-01-30,65.20999908447266,11.529999732971191,91.78189849853516,4713.89990234375,10.829999787466866,9.540700022379557,0.034962808360734954
2026-01-31,65.20999908447266,11.529999732971191,91.78189849853516,4713.89990234375,10.997142655508858,9.632699998219808,-0.0032100136097579224
2026-02-01,65.20999908447266,11.529999732971191,91.78189849853516,4713.89990234375,11.16428552355085,9.724699974060059,0.0
2026-02-02,62.13999938964844,11.199999809265137,91.68699645996094,4622.5,11.331428391592842,9.827033297220867,0.0
2026-02-03,63.209999084472656,10.550000190734863,90.24559783935547,4903.7001953125,11.362857001168388,9.918366622924804,-0.04707866489688739
2026-02-04,65.13999938964844,10.850000381469727,90.42289733886719,4920.39990234375,11.261428424290248,9.988033294677734,0.017219177749178805
2026-02-05,63.290000915527344,10.710000038146973,90.125,4861.39990234375,11.238571303231376,10.059033298492432,0.03053314876016011
2026-02-06,63.54999923706055,10.649999618530273,90.3147964477539,4951.2001953125,11.128571374075753,10.122366619110107,-0.028400345278711825
2026-02-07,63.54999923706055,10.649999618530273,90.3147964477539,4951.2001953125,11.002857072012764,10.184366607666016,0.004108047365652956
2026-02-08,63.54999923706055,10.649999618530273,90.3147964477539,4951.2001953125,10.877142769949776,10.234699916839599,0.0
2026-02-09,64.36000061035156,10.949999809265137,90.58799743652344,5050.89990234375,10.751428467886788,10.294699891408284,0.0
2026-02-10,63.959999084472656,11.180000305175781,90.82279968261719,5003.7998046875,10.715714182172503,10.364699872334798,0.01274589115681124
2026-02-11,64.62999725341797,11.4399995803833,90.58789825439453,5071.60009765625,10.805714198521205,10.442366536458334,-0.006215064047320307
2026-02-12,62.84000015258789,11.300000190734863,90.73570251464844,4923.7001953125,10.889999798366002,10.532699871063233,0.010475268582484487
2026-02-13,62.88999938964844,11.489999771118164,90.56410217285156,5022.0,10.974285534449987,10.618666553497315,-0.02769607267367502
2026-02-14,62.88999938964844,11.489999771118164,90.56410217285156,5022.0,11.094285556248256,10.700333213806152,0.0007956594038691644
2026-02-15,62.88999938964844,11.489999771118164,90.56410217285156,5022.0,11.214285578046526,10.767333221435546,0.0
2026-02-16,62.88999938964844,11.489999771118164,90.57119750976562,5022.0,11.334285599844796,10.823666540781657,0.0
2026-02-17,62.33000183105469,11.680000305175781,90.78299713134766,4882.89990234375,11.411428451538086,10.879999860127766,0.0
2026-02-18,65.19000244140625,11.760000228881836,90.6261978149414,4986.5,11.482857022966657,10.94266653060913,-0.008904397583535784
2026-02-19,66.43000030517578,11.65999984741211,90.79350280761719,4975.89990234375,11.52857140132359,11.00799986521403,0.04588481511846543
2026-02-20,66.38999938964844,11.729999542236328,91.04109954833984,5059.2998046875,11.579999923706055,11.055333201090495,0.01902128880703846
2026-02-21,66.38999938964844,11.729999542236328,91.04109954833984,5059.2998046875,11.614285605294365,11.110666529337566,-0.0006021513675084078
2026-02-22,66.38999938964844,11.729999542236328,91.04109954833984,5059.2998046875,11.648571286882673,11.168333180745442,0.0
2026-02-23,66.30999755859375,11.770000457763672,90.72660064697266,5204.7001953125,11.682856968470983,11.213999843597412,0.0
2026-02-24,65.62999725341797,11.869999885559082,91.02010345458984,5155.7998046875,11.722857066563197,11.260999870300292,-0.0012050283444823284
2026-02-25,65.41999816894531,11.680000305175781,90.91799926757812,5206.39990234375,11.749999863760811,11.31133321126302,-0.010254868499654402
2026-02-26,65.20999908447266,11.90999984741211,90.95099639892578,5176.5,11.738571303231376,11.33466657002767,-0.0031997423931283686
2026-02-27,67.0199966430664,12.069999694824219,91.00740051269531,5230.5,11.774285588945661,11.356333223978679,-0.0032100136097579224
2026-02-28,67.0199966430664,12.069999694824219,91.00740051269531,5230.5,11.82285703931536,11.39166653951009,0.027756442018180172
2026-03-01,67.0199966430664,12.069999694824219,91.00740051269531,5230.5,11.871428489685059,11.41133321126302,0.0
2026-03-02,71.2300033569336,12.220000267028809,91.07959747314453,5294.39990234375,11.919999940054756,11.429333209991455,0.0
2026-03-03,74.55999755859375,12.5,91.56340026855469,5107.39990234375,11.984285627092634,11.452333227793376,0.06281717285497268
2026-03-04,74.66000366210938,11.90999984741211,92.00859832763672,5120.2001953125,12.074285643441337,11.484666570027668,0.046749881296137996
2026-03-05,81.01000213623047,11.520000457763672,92.12300109863281,5065.2998046875,12.107142720903669,11.508333237965902,0.0013412836211137424
2026-03-06,90.9000015258789,10.460000038146973,91.78690338134766,5146.10009765625,12.051428522382464,11.540666580200195,0.0850522121973023
2026-03-07,90.9000015258789,10.460000038146973,91.78690338134766,5146.10009765625,11.821428571428571,11.527666568756104,0.12208368261757263
2026-03-08,90.9000015258789,10.460000038146973,91.78690338134766,5146.10009765625,11.591428620474678,11.51933323542277,0.0
2026-03-09,94.7699966430664,10.260000228881836,91.93620300292969,5091.5,11.361428669520787,11.51299991607666,0.0
2026-03-10,83.44999694824219,10.229999542236328,91.220703125,5229.7001953125,11.08142866407122,11.499999936421712,0.04257420299476822
2026-03-11,87.25,10.699999809265137,92.16510009765625,5167.39990234375,10.757142884390694,11.485999933878581,-0.11944708342091537
2026-03-12,95.7300033569336,10.399999618530273,92.22879791259766,5115.7998046875,10.584285736083984,11.477666600545247,0.045536287486201754
2026-03-13,98.70999908447266,10.489999771118164,92.38990020751953,5052.5,10.4242856161935,11.451666577657063,0.09719201555224743
2026-03-14,98.70999908447266,10.489999771118164,92.38990020751953,5052.5,10.42857129233224,11.419999917348227,0.031129171869220817
2026-03-15,98.70999908447266,10.489999771118164,92.38990020751953,5052.5,10.432856968470983,11.392999903361003,0.0
2026-03-16,93.5,10.670000076293945,92.5635986328125,4994.0,10.437142644609724,11.359666570027668,0.0
2026-03-17,96.20999908447266,10.430000305175781,92.28269958496094,5001.0,10.495714051382881,11.332333246866861,-0.0527808644797384
2026-03-18,96.31999969482422,10.699999809265137,92.39129638671875,4889.89990234375,10.524285588945661,11.29699993133545,0.02898394742751509
2026-03-19,96.13999938964844,10.020000457763672,93.24659729003906,4600.7001953125,10.524285588945661,11.270666599273682,0.0011433386487715858
2026-03-20,98.31999969482422,10.010000228881836,93.0822982788086,4570.39990234375,10.469999994550433,11.215333271026612,-0.0018687739383937974
2026-03-21,98.31999969482422,10.010000228881836,93.0822982788086,4570.39990234375,10.401428631373815,11.156999937693278,0.02267526855643509
2026-03-22,98.31999969482422,10.010000228881836,93.0822982788086,4570.39990234375,10.332857268197197,11.101999950408935,0.0
2026-03-23,88.12999725341797,9.989999771118164,93.89530181884766,4404.10009765625,10.264285905020577,11.044666639963786,0.0
2026-03-24,92.3499984741211,9.800000190734863,93.24369812011719,4399.2998046875,10.167143004281181,10.98666664759318,-0.10364119683721551
2026-03-25,90.31999969482422,10.0,94.29969787597656,4549.7998046875,10.077142987932477,10.922333335876464,0.04788382335436259
2026-03-26,94.4800033569336,10.0,94.6937026977539,4375.5,9.977143015180316,10.863333320617675,-0.02198157891540986
2026-03-27,99.63999938964844,9.930000305175781,94.30950164794922,4492.0,9.974285806928362,10.80099999109904,0.046058499514673557
2026-03-28,99.63999938964844,9.930000305175781,94.30950164794922,4492.0,9.962857246398926,10.742666657765707,0.05461468934564939
2026-03-29,99.63999938964844,9.930000305175781,94.30950164794922,4492.0,9.95142868586949,10.676666673024496,0.0
2026-03-30,102.87999725341797,9.9399995803833,94.78179931640625,4526.0,9.940000125340053,10.605333360036214,0.0
2026-03-31,101.37999725341797,9.970000267028809,94.35590362548828,4647.60009765625,9.932857240949359,10.534333356221516,0.03251704018081458
2026-04-01,100.12000274658203,10.324999809265137,93.48429870605469,4783.2001953125,9.957142966134208,10.464333375295004,-0.014580093701841212
2026-04-02,111.54000091552734,10.449999809265137,92.6426010131836,4651.5,10.003571510314941,10.401166693369548,-0.012428433033849329
2026-04-03,111.54000091552734,10.449999809265137,92.97360229492188,4651.5,10.067857197352819,10.332833353678385,0.11406310283321663
2026-04-04,111.54000091552734,10.449999809265137,92.97360229492188,4651.5,10.142142840794154,10.284166685740153,0.0
2026-04-05,111.54000091552734,10.449999809265137,92.97360229492188,4651.5,10.216428484235491,10.248499997456868,0.0
2026-04-06,112.41000366210938,9.9399995803833,92.97100067138672,4656.7998046875,10.290714127676827,10.24816665649414,0.0
2026-04-07,112.94999694824219,10.4399995803833,92.81659698486328,4657.10009765625,10.290714127676827,10.230833307902019,0.007799916975443688
2026-04-08,94.41000366210938,10.600000381469727,92.86019897460938,4749.5,10.35785688672747,10.230166625976562,0.0048037831913605444
2026-04-09,97.87000274658203,10.300000190734863,92.2748031616211,4792.2001953125,10.397142682756696,10.241499964396159,-0.1641433712886997
2026-04-10,96.56999969482422,10.699999809265137,92.46980285644531,4761.89990234375,10.3757141658238,10.24383331934611,0.03664864898063014
2026-04-11,96.56999969482422,10.699999809265137,92.46980285644531,4761.89990234375,10.411428451538086,10.24383331934611,-0.013282957139829188
2026-04-12,96.56999969482422,10.699999809265137,92.46980285644531,4761.89990234375,10.447142737252372,10.253833325703939,0.0
2026-04-13,99.08000183105469,11.0600004196167,94.50879669189453,4742.39990234375,10.482857022966657,10.260833326975504,0.0
2026-04-14,91.27999877929688,11.420000076293945,94.9468002319336,4825.0,10.642857142857142,10.279833348592122,0.025991530953323627
2026-04-15,91.29000091552734,11.399999618530273,93.16539764404297,4800.0,10.78285721370152,10.310833358764649,-0.07872429256771629
2026-04-16,94.69000244140625,11.130000114440918,93.38680267333984,4785.39990234375,10.897142818995885,10.335166676839192,0.00010957642817954749
2026-04-17,83.8499984741211,11.4399995803833,93.04789733886719,4857.60009765625,11.015714236668178,10.358500003814697,0.03724396419959519
2026-04-18,83.8499984741211,11.4399995803833,93.04789733886719,4857.60009765625,11.121428489685059,10.38316666285197,-0.11447886458755663
2026-04-19,83.8499984741211,11.4399995803833,93.04789733886719,4857.60009765625,11.22714274270194,10.43049996693929,0.0
2026-04-20,89.61000061035156,11.303999900817871,92.60330200195312,4806.60009765625,11.332856995718819,10.478166611989339,0.0
2026-04-21,92.12999725341797,11.350000381469727,93.12359619140625,4698.39990234375,11.367714064461845,10.521299934387207,0.06869412332795921
2026-04-22,92.95999908447266,11.399999618530273,93.622802734375,4732.5,11.357714108058385,10.565966606140137,0.02812182374625838
2026-04-23,95.8499984741211,11.34000015258789,93.80049896240234,4705.10009765625,11.357714108058385,10.612966601053873,0.009009029152271086
2026-04-24,94.4000015258789,10.899999618530273,94.11289978027344,4722.2998046875,11.387714113507952,10.664299933115641,0.03108863401582318
2026-04-25,94.4000015258789,10.899999618530273,94.11289978027344,4722.2998046875,11.310571261814662,10.694299920399983,-0.0151277722621318
2026-04-26,94.4000015258789,10.899999618530273,94.11289978027344,4722.2998046875,11.233428410121373,10.724299907684326,0.0
2026-04-27,96.37000274658203,11.270000457763672,94.25029754638672,4675.39990234375,11.156285558428083,10.756633218129476,0.0
2026-04-28,99.93000030517578,11.449999809265137,94.25849914550781,4591.5,11.151428495134626,10.801299889882406,0.020868656661653384
2026-04-29,106.87999725341797,11.850000381469727,94.64550018310547,4545.2001953125,11.165714127676827,10.851966540018717,0.03694093034276702
2026-04-30,105.06999969482422,11.720000267028809,94.9166030883789,4614.7001953125,11.229999950953893,10.915633233388265,0.06954865332750537
2026-05-01,101.94000244140625,11.729999542236328,94.75910186767578,4629.89990234375,11.28428568158831,10.973966566721598,-0.01693485783221116
2026-05-02,101.94000244140625,11.729999542236328,94.75910186767578,4629.89990234375,11.402857099260602,11.020799891153972,-0.029789637979528383
2026-05-03,101.94000244140625,11.729999542236328,94.75910186767578,4629.89990234375,11.521428516932897,11.063466548919678,0.0
2026-05-04,106.41999816894531,11.789999961853027,94.90299987792969,4519.5,11.63999993460519,11.106133206685383,0.0
2026-05-05,102.2699966430664,12.180000305175781,95.2593994140625,4555.7998046875,11.714285578046526,11.150799878438313,0.043947377086969386
2026-05-06,95.08000183105469,12.109999656677246,95.18299865722656,4681.89990234375,11.818571363176618,11.208466561635335,-0.03899644425186555
2026-05-07,94.80999755859375,12.100000381469727,94.60800170898438,4699.7998046875,11.855714116777692,11.2807998975118,-0.07030404857746886
2026-05-08,95.41999816894531,12.105999946594238,94.25299835205078,4720.39990234375,11.90999984741211,11.336133257548015,-0.002839758805860182
2026-05-09,95.41999816894531,12.105999946594238,94.25299835205078,4720.39990234375,11.96371419089181,11.386333243052166,0.006433927075829571
2026-05-10,95.41999816894531,12.105999946594238,94.25299835205078,4720.39990234375,12.017428534371513,11.446533234914144,0.0
2026-05-11,98.06999969482422,12.649999618530273,94.42530059814453,4718.7001953125,12.071142877851214,11.493399906158448,0.0
2026-05-12,102.18000030517578,13.289999961853027,95.39140319824219,4677.60009765625,12.19399997166225,11.558399899800618,0.02777197208898463
2026-05-13,101.0199966430664,13.329999923706055,95.63300323486328,4697.7001953125,12.352571351187569,11.644733238220216,0.04190884697808839
2026-05-14,101.16999816894531,12.949999809265137,95.69580078125,4678.10009765625,12.526857103620257,11.720399888356527,-0.01135255097518939
2026-05-15,105.41999816894531,13.180000305175781,95.70989990234375,4555.7998046875,12.648285593305316,11.771399879455567,0.001484869638324282
2026-05-16,105.41999816894531,13.180000305175781,95.70989990234375,4555.7998046875,12.801714215959821,11.830733235677084,0.0420085013039424
2026-05-17,105.41999816894531,13.180000305175781,95.70989990234375,4555.7998046875,12.955142838614327,11.899066575368245,0.0
2026-05-18,108.66000366210938,12.850000381469727,95.97029876708984,4552.5,13.108571461268834,11.957066599527995,0.0
2026-05-19,107.7699966430664,12.649999618530273,96.27020263671875,4506.2998046875,13.137142998831612,12.004066626230875,0.030734258674256942
2026-05-20,98.26000213623047,12.109999656677246,96.56580352783203,4531.2998046875,13.045714378356934,12.044399960835774,-0.008190750865521235
2026-05-21,96.3499984741211,12.5,96.5282974243164,4539.7998046875,12.871428625924247,12.07126661936442,-0.08824343326587436
2026-05-22,96.5999984741211,12.675000190734863,96.17389678955078,4521.0,12.80714293888637,12.109599939982097,-0.019438261964021653
2026-05-23,96.5999984741211,12.675000190734863,96.17389678955078,4521.0,12.73500006539481,12.152099959055583,0.0025947068392238037
2026-05-24,96.5999984741211,12.675000190734863,96.17389678955078,4521.0,12.662857191903251,12.196599960327148,0.0
2026-05-25,96.5999984741211,12.675000190734863,95.71949768066406,4521.0,12.59071431841169,12.255766646067302,0.0
2026-05-26,93.88999938964844,12.880000114440918,95.25279998779297,4500.39990234375,12.565714291163854,12.314933331807454,0.0
2026-05-27,88.68000030517578,12.875,95.90499877929688,4447.5,12.598571504865374,12.380933348337809,-0.02805382119336841
2026-05-28,88.9000015258789,13.149999618530273,96.04889678955078,4499.2998046875,12.707857268197197,12.43443333307902,-0.05549045817809506
2026-05-29,87.36000061035156,12.9399995803833,96.04820251464844,4560.5,12.800714356558663,12.491099993387857,0.002480843707104441
2026-05-30,87.36000061035156,12.9399995803833,96.04820251464844,4560.5,12.838571412222725,12.527433300018311,-0.01732284464673539
2026-05-31,87.36000061035156,12.9399995803833,96.04820251464844,4560.5,12.876428467886788,12.568099943796794,0.0
2026-06-01,92.16000366210938,13.03499984741211,95.00299835205078,4475.2001953125,12.91428552355085,12.608433278401693,0.0
2026-06-02,93.76000213623047,12.9399995803833,95.55139923095703,4489.10009765625,12.965714045933314,12.651933288574218,0.054945089494299326
2026-06-03,96.0199966430664,12.619999885559082,95.26300048828125,4436.7001953125,12.974285398210798,12.692266623179117,0.017361093864397548
2026-06-04,93.04000091552734,12.65999984741211,96.16449737548828,4475.7998046875,12.937856810433525,12.719933287302654,0.024104036426452202
2026-06-05,90.54000091552734,12.699999809265137,95.79029846191406,4337.10009765625,12.867856843130928,12.735933272043864,-0.031035157589273332
2026-06-06,90.54000091552734,12.699999809265137,95.79029846191406,4337.10009765625,12.83357116154262,12.755599943796794,-0.02687016310618695
2026-06-07,90.54000091552734,12.699999809265137,95.79029846191406,4337.10009765625,12.79928547995431,12.775599924723307,0.0
2026-06-08,91.30000305175781,12.369999885559082,94.95030212402344,4335.89990234375,12.764999798366002,12.795399920145671,0.0
2026-06-09,88.19999694824219,12.369999885559082,95.68830108642578,4260.0,12.66999980381557,12.804199918111165,0.00839410347410463
2026-06-10,90.02999877929688,12.5,95.36029815673828,4108.2001953125,12.588571275983538,12.81299991607666,-0.033954063525695966
2026-06-11,87.70999908447266,12.520000457763672,95.64450073242188,4090.300048828125,12.571428435189384,12.807999928792318,0.020748320797886022
2026-06-12,84.87999725341797,12.319999694824219,95.76010131835938,4215.0,12.551428522382464,12.782333278656006,-0.025769185008116646
2026-06-13,84.87999725341797,12.319999694824219,95.76010131835938,4215.0,12.497142791748047,12.748666604359945,-0.03226544134756104
2026-06-14,84.87999725341797,12.319999694824219,95.76010131835938,4215.0,12.44285706111363,12.727666600545247,0.0
2026-06-15,80.75,11.989999771118164,95.11029815673828,4328.0,12.388571330479213,12.698999913533529,0.0
2026-06-16,76.05000305175781,12.130000114440918,94.74169921875,4330.89990234375,12.334285599844796,12.659333229064941,-0.04865689664300343
2026-06-17,76.79000091552734,11.880000114440918,94.88860321044922,4358.89990234375,12.299999918256487,12.624333222707113,-0.05820429657265869
2026-06-18,76.5999984741211,11.569999694824219,94.85890197753906,4224.10009765625,12.21142850603376,12.59199988047282,0.009730412019390844
2026-06-19,76.5999984741211,11.569999694824219,94.33989715576172,4224.10009765625,12.075714111328125,12.55599988301595,-0.00247431226905781
2026-06-20,76.5999984741211,11.569999694824219,94.33989715576172,4224.10009765625,11.968571254185267,12.537999884287517,0.0
2026-06-21,76.5999984741211,11.569999694824219,94.33989715576172,4224.10009765625,11.861428397042411,12.50699987411499,0.0
2026-06-22,74.81999969482422,11.579999923706055,94.3302993774414,4181.89990234375,11.754285539899554,12.470166524251303,0.0
2026-06-23,73.20999908447266,11.770000457763672,94.70059967041016,4129.89990234375,11.695714133126396,12.433666515350343,-0.023237582438049742
2026-06-24,70.33999633789062,11.699999809265137,95.18370056152344,3990.300048828125,11.644285610743932,12.403499857584636,-0.02151831885750377
2026-06-25,71.91999816894531,11.399999618530273,94.4406967163086,4030.5,11.618571281433105,12.370999844868978,-0.03920233277520613
2026-06-26,69.2300033569336,11.270000457763672,94.40039825439453,4078.699951171875,11.594285556248256,12.32166649500529,0.02246235304683375
2026-06-27,69.2300033569336,11.270000457763672,94.40039825439453,4078.699951171875,11.551428522382464,12.268166510264079,-0.03740259844963745
2026-06-28,69.2300033569336,11.270000457763672,94.40039825439453,4078.699951171875,11.50857148851667,12.205499871571858,0.0
2026-06-29,70.75,11.630000114440918,94.36029815673828,4022.300048828125,11.465714454650879,12.149833234151204,0.0
2026-06-30,69.5,11.869999885559082,94.79049682617188,4022.89990234375,11.472857339041573,12.106166585286458,0.02195574995467875
2026-07-01,68.58000183105469,12.052000045776367,94.91799926757812,4068.300048828125,11.487142971583776,12.070499928792318,-0.017667844522968212
2026-07-02,68.69000244140625,12.270000457763672,95.4175033569336,4112.7001953125,11.537428719656807,12.037733268737792,-0.01323738372583183
2026-07-03,68.69000244140625,12.270000457763672,95.527099609375,4112.7001953125,11.661714553833008,12.015399964650472,0.001603975027917759
2026-07-04,68.69000244140625,12.270000457763672,95.527099609375,4112.7001953125,11.80457169669015,12.003733317057291,0.0
2026-07-05,68.69000244140625,12.270000457763672,95.527099609375,4112.7001953125,11.947428839547294,11.990733337402343,0.0
2026-07-06,68.55000305175781,12.960000038146973,95.21479797363281,4155.10009765625,12.090285982404437,11.976400025685628,0.0
2026-07-07,70.44000244140625,12.760000228881836,95.60350036621094,4145.2998046875,12.280285971505302,11.98506669998169,-0.0020381334207676405
2026-07-08,73.5199966430664,12.835000038146973,95.59339904785156,4070.89990234375,12.407428877694267,11.987066713968913,0.027571105842568944
2026-07-09,72.08000183105469,12.949999809265137,95.86180114746094,4130.60009765625,12.519286019461495,12.002566719055176,0.04372507232977707
2026-07-10,71.41000366210938,12.890000343322754,95.39019775390625,4104.10009765625,12.616428783961705,12.021900049845378,-0.01958643740155175
2026-07-11,71.41000366210938,12.890000343322754,95.39019775390625,4104.10009765625,12.70500019618443,12.03490006128947,-0.009295201885755944
2026-07-12,71.41000366210938,12.890000343322754,95.39019775390625,4104.10009765625,12.793571608407158,12.047233390808106,0.0
2026-07-13,78.13999938964844,13.329999923706055,95.32499694824219,3997.0,12.882143020629883,12.066233412424724,0.0
2026-07-14,79.33999633789062,13.100000381469727,96.29889678955078,4061.10009765625,12.935000147138323,12.099900086720785,0.09424443890779477
2026-07-15,79.5999984741211,12.84000015258789,96.42530059814453,4044.0,12.983571597508021,12.125900109608969,0.015357012511074464
2026-07-16,78.94999694824219,12.649999618530273,96.49859619140625,3985.60009765625,12.98428589957101,12.154233455657959,0.003277062619503779
2026-07-17,82.48999786376953,12.65999984741211,96.6521987915039,4012.699951171875,12.941428729466029,12.171566772460938,-0.008165848471595516
2026-07-18,82.48999786376953,12.65999984741211,96.6521987915039,4012.699951171875,12.908571515764509,12.197566763559978,0.04483851871264899
2026-07-19,82.48999786376953,12.65999984741211,96.6521987915039,4012.699951171875,12.875714302062988,12.233900101979573,0.0
2026-07-20,83.2300033569336,12.1899995803833,96.28479766845703,4010.300048828125,12.842857088361468,12.27023344039917,0.0
2026-07-21,84.91000366210938,12.619999885559082,96.4896011352539,4071.10009765625,12.679999896458217,12.29090010325114,0.00897085116169083
2026-07-22,86.83000183105469,12.510000228881836,96.34089660644531,4146.89990234375,12.611428397042411,12.325900109608968,0.020185032289030014
2026-07-23,92.19000244140625,12.680000305175781,96.55709838867188,4046.60009765625,12.564285550798688,12.356900119781494,0.022612155059912098
2026-07-24,89.30999755859375,12.569999694824219,96.87689971923828,4067.60009765625,12.568571363176618,12.387233448028564,0.06172982261108917
2026-07-25,89.30999755859375,12.569999694824219,96.87689971923828,4067.60009765625,12.555714198521205,12.416233444213868,-0.031239882921610285
2026-07-26,89.30999755859375,12.569999694824219,96.87689971923828,4067.60009765625,12.542857033865792,12.455233446757,0.0
2026-07-27,82.61000061035156,12.380000114440918,96.56729888916016,4074.5,12.52999986921038,12.498566754659016,0.0
2026-07-28,79.26000213623047,12.609999656677246,95.77410125732422,4036.300048828125,12.557142802647181,12.535566743214925,-0.07501956255061493
2026-07-29,84.45999908447266,12.779999732971191,95.59870147705078,4034.699951171875,12.555714198521205,12.580233383178712,-0.04055197251386189
2026-07-30,83.58999633789062,13.359999656677246,95.72859954833984,4100.10009765625,12.594285556248256,12.618566703796386,0.06560682321588307
2026-07-31,84.66999816894531,13.420000076293945,95.68479919433594,4049.10009765625,12.691428320748466,12.668233362833659,-0.010300766706282993
2026-08-01,84.66999816894531,13.420000076293945,95.68479919433594,4049.10009765625,12.812856946672712,12.713833363850911,0.0129202282374683
2026-08-02,84.66999816894531,13.420000076293945,95.68479919433594,4049.10009765625,12.93428557259696,12.752166684468587,0.0
2026-08-03,80.33999633789062,13.949999809265137,95.4021987915039,4033.699951171875,13.055714198521205,12.790500005086264,0.0
2026-08-04,75.7699966430664,13.90999984741211,95.33159637451172,4095.39990234375,13.27999986921038,12.846499983469645,-0.0511397416404199
2026-08-05,75.22000122070312,13.970000267028809,95.09719848632812,4245.7998046875,13.465714182172503,12.901166629791259,-0.056883244997969706
2026-08-06,77.29000091552734,13.9399995803833,95.07730102539062,4242.0,13.635714258466448,12.934833304087322,-0.0072587494619298365
2026-08-07,78.18000030517578,13.760000228881836,95.31189727783203,4340.7001953125,13.718571390424456,12.974166615804036,0.027519272284384
2026-08-08,78.18000030517578,13.760000228881836,95.31189727783203,4340.7001953125,13.767142840794154,13.0049999554952,0.011515065068004704
2026-08-09,78.18000030517578,13.760000228881836,95.31189727783203,4340.7001953125,13.815714291163854,13.031999969482422,0.0
2026-08-10,82.12999725341797,13.800000190734863,95.21029663085938,4361.7998046875,13.864285741533552,13.060999965667724,0.0
2026-08-11,83.19999694824219,13.789999961853027,95.39669799804688,4383.0,13.842857224600655,13.091333293914795,0.05052439156847499
2026-08-12,83.2699966430664,13.670000076293945,95.37989807128906,4408.89990234375,13.8257143838065,13.121333281199137,0.01302812286140309
2026-08-13,81.25,13.890000343322754,95.34429931640625,4363.60009765625,13.78285721370152,13.132666619618734,0.0008413425167281829
2026-08-14,82.4000015258789,14.286999702453613,95.40119934082031,4380.39990234375,13.775714465550013,13.158999951680501,-0.02425839707578037
2026-08-15,82.4000015258789,14.286999702453613,95.40119934082031,4380.39990234375,13.851000104631696,13.20723327000936,0.014153864933894145
2026-08-16,82.4000015258789,14.286999702453613,95.40119934082031,4380.39990234375,13.926285743713379,13.26179993947347,0.0
2026-08-17,84.5,14.0,95.45030212402344,4417.7998046875,14.001571382795062,13.316033267974854,0.0
2026-08-18,84.94000244140625,13.819999694824219,95.69409942626953,4366.0,14.030142784118652,13.360699939727784,0.025485417903318375
2026-08-19,85.83000183105469,14.005000114440918,95.81639862060547,4489.39990234375,14.034428460257393,13.399366601308186,0.005207129484097628
2026-08-20,87.83000183105469,14.1899995803833,95.49600219726562,4516.2998046875,14.082285608564105,13.459866619110107,0.010477976972774083
2026-08-21,87.05999755859375,14.75,95.77220153808594,4624.10009765625,14.125142642429896,13.512199942270914,0.023301875303891384
2026-08-22,87.05999755859375,14.75,95.77220153808594,4624.10009765625,14.191285542079381,13.586866601308186,-0.00876698458850178
2026-08-23,87.05999755859375,14.75,95.77220153808594,4624.10009765625,14.257428441728864,13.655866591135661,0.0
2026-08-24,85.01000213623047,14.6899995803833,95.70030212402344,4640.7998046875,14.323571341378349,13.728533267974854,0.0
2026-08-25,82.36000061035156,15.0649995803833,95.72309875488281,4638.10009765625,14.422142710004534,13.799199930826823,-0.023546927174947108
2026-08-26,82.2300033569336,15.0600004196167,93.54609680175781,4598.2001953125,14.599999836512975,13.882366593678793,-0.031172820365681475
2026-08-27,83.52999877929688,14.819999694824219,95.4302978515625,4609.7001953125,14.7507141658238,13.97169993718465,-0.001578402773853682
2026-08-28,83.4000015258789,15.520000457763672,95.47039794921875,4478.10009765625,14.840714182172503,14.045366605122885,0.015809259020949096
2026-08-29,83.4000015258789,15.520000457763672,95.47039794921875,4478.10009765625,14.950714247567314,14.136699962615968,-0.0015562942094785592
2026-08-30,83.4000015258789,15.520000457763672,95.47039794921875,4478.10009765625,15.060714312962123,14.208699989318848,0.0
2026-08-31,85.76000213623047,15.470000267028809,95.38030242919922,4431.10009765625,15.170714378356934,14.278700002034505,0.0
2026-09-01,90.22000122070312,15.795000076293945,95.1144027709961,4348.0,15.282143047877721,14.347033341725668,0.028297368910949583
2026-09-02,91.01000213623047,16.579999923706055,94.9552001953125,4366.2998046875,15.386428833007812,14.426200008392334,0.052005585044038405
2026-09-03,91.30000305175781,16.139999389648438,94.48770141601562,4491.7001953125,15.603571619306292,14.513866678873699,0.008756383338931473
2026-09-04,91.26000213623047,16.559999465942383,94.4800033569336,4476.7001953125,15.792143004281181,14.588199996948243,0.0031864730108812633
